row_id,gold_id,gold_label,prediction_id,prediction_label,prob_anger,prob_joy,prob_optimism,prob_sadness
1568,1,joy,3,sadness,0.077627755702,0.187121436000,0.036837171763,0.698413670063
605,0,anger,0,anger,0.978347659111,0.008561919443,0.007276985794,0.005813480355
921,3,sadness,3,sadness,0.043905127794,0.023167999461,0.008262459189,0.924664378166
277,3,sadness,0,anger,0.963428318501,0.010768081993,0.009676519781,0.016127089038
221,0,anger,0,anger,0.970792472363,0.011061023921,0.008477639407,0.009668933228
1842,0,anger,0,anger,0.973284780979,0.010713500902,0.008997794241,0.007003975101
2221,0,anger,0,anger,0.977698385715,0.008516266011,0.008138528094,0.005646839738
2688,0,anger,0,anger,0.975607752800,0.009023989551,0.007374017034,0.007994307205
381,3,sadness,3,sadness,0.008811421692,0.006948661525,0.006088482682,0.978151440620
2715,0,anger,0,anger,0.977401018143,0.007019708399,0.006464475300,0.009114811197
742,0,anger,3,sadness,0.009819104336,0.017708839849,0.006197616924,0.966274440289
1489,3,sadness,3,sadness,0.004940768238,0.013321277685,0.007737691514,0.974000215530
1513,0,anger,0,anger,0.940555334091,0.031512986869,0.008540645242,0.019391112030
2242,1,joy,1,joy,0.007753430866,0.975541234016,0.008130013943,0.008575401269
2099,0,anger,0,anger,0.975284457207,0.009061964229,0.009028809145,0.006624613423
211,3,sadness,3,sadness,0.008671179414,0.009071104228,0.008476934396,0.973780751228
2842,0,anger,0,anger,0.965292930603,0.010055057704,0.009675592184,0.014976399019
2989,3,sadness,0,anger,0.681782603264,0.047453213483,0.133653953671,0.137110307813
435,1,joy,1,joy,0.005676500965,0.980811476707,0.005768348463,0.007743614726
2740,3,sadness,3,sadness,0.008854267187,0.008722217754,0.011515265331,0.970908224583
2293,2,optimism,2,optimism,0.006057310384,0.006795845460,0.977649390697,0.009497423656
375,1,joy,1,joy,0.010611020960,0.969125151634,0.012930543162,0.007333340589
817,1,joy,1,joy,0.007101186551,0.976932048798,0.005909021478,0.010057701729
669,0,anger,0,anger,0.959710657597,0.007641806733,0.011371386237,0.021276172251
110,0,anger,3,sadness,0.064083717763,0.014822403900,0.030406400561,0.890687525272
2658,0,anger,3,sadness,0.004861365538,0.016522889957,0.006971920375,0.971643805504
3155,0,anger,0,anger,0.972963690758,0.008150025271,0.006507987157,0.012378330342
2320,2,optimism,2,optimism,0.013896509074,0.006363243796,0.971571564674,0.008168715984
1806,0,anger,0,anger,0.977291643620,0.007554628886,0.007810075302,0.007343676873
166,3,sadness,0,anger,0.971625208855,0.007246885449,0.007953023538,0.013174790889
1436,1,joy,1,joy,0.009046107531,0.730385661125,0.238419935107,0.022148279473
2972,1,joy,1,joy,0.005420017522,0.956650853157,0.025027239695,0.012901853770
2003,0,anger,0,anger,0.978460133076,0.006926285569,0.006825438701,0.007788185496
1411,1,joy,1,joy,0.004766030703,0.951530933380,0.026091253385,0.017611769959
1956,0,anger,0,anger,0.945176422596,0.036077074707,0.010294619948,0.008451853879
2529,1,joy,1,joy,0.005594458897,0.980230629444,0.005945688114,0.008229197003
1366,3,sadness,3,sadness,0.005676160101,0.007657085545,0.006164828315,0.980501949787
496,3,sadness,3,sadness,0.008405236527,0.008642723784,0.006114458200,0.976837515831
1259,1,joy,1,joy,0.005910419393,0.976264774799,0.005907852668,0.011916846968
1160,3,sadness,1,joy,0.004891934805,0.963964283466,0.018603989854,0.012539659627
1536,3,sadness,3,sadness,0.008470843546,0.007808798924,0.008448568173,0.975271761417
2339,1,joy,0,anger,0.977015495300,0.007441436872,0.008793318644,0.006749701686
1234,0,anger,0,anger,0.978389739990,0.008903502487,0.006829159800,0.005877620541
2853,1,joy,1,joy,0.016463955864,0.962558507919,0.013323035091,0.007654449902
959,2,optimism,0,anger,0.965866863728,0.016533609480,0.008228307590,0.009371265769
1420,3,sadness,3,sadness,0.004411612172,0.014701216482,0.007201171946,0.973686039448
3065,1,joy,1,joy,0.006613549311,0.971524059772,0.006208995357,0.015653403476
877,1,joy,1,joy,0.006801559590,0.946799099445,0.025534501299,0.020864704624
2762,0,anger,0,anger,0.972914516926,0.009984710254,0.008962069638,0.008138685487
1748,0,anger,0,anger,0.976684451103,0.008025559597,0.007528638467,0.007761450950
1754,0,anger,0,anger,0.976053535938,0.009180517867,0.008189774118,0.006576299202
3082,0,anger,0,anger,0.973850727081,0.011429632083,0.008772060275,0.005947644357
2974,1,joy,1,joy,0.005905141588,0.963733792305,0.007556454744,0.022804627195
3228,1,joy,1,joy,0.006849719211,0.905862450600,0.032127130777,0.055160664022
2025,3,sadness,3,sadness,0.010501463898,0.190604671836,0.011010941118,0.787882983685
428,0,anger,2,optimism,0.030644757673,0.384636014700,0.571822404861,0.012896865606
1588,3,sadness,3,sadness,0.008031473495,0.018226649612,0.014176826924,0.959565043449
1162,0,anger,3,sadness,0.010146135464,0.033125553280,0.011634632014,0.945093691349
2866,0,anger,0,anger,0.962227940559,0.013516015373,0.012633768842,0.011622323655
1879,3,sadness,3,sadness,0.182352885604,0.019842019305,0.021128237247,0.776676893234
1423,1,joy,1,joy,0.005795485806,0.960302829742,0.016020851210,0.017880853266
369,3,sadness,1,joy,0.008505159058,0.855567574501,0.105658717453,0.030268531293
1315,0,anger,0,anger,0.973206162453,0.012149338610,0.007111624815,0.007532908116
3203,0,anger,0,anger,0.976142227650,0.008651056327,0.008952643722,0.006254087202
2098,3,sadness,3,sadness,0.005630259868,0.022927949205,0.013704103418,0.957737684250
113,3,sadness,3,sadness,0.005246971734,0.007931528613,0.007201937959,0.979619622231
2404,2,optimism,2,optimism,0.004277260508,0.008369292133,0.979065418243,0.008288053796
1123,0,anger,3,sadness,0.076010882854,0.029058719054,0.016077958047,0.878852427006
1595,3,sadness,3,sadness,0.005004656035,0.015029576607,0.014459661208,0.965506136417
2459,3,sadness,0,anger,0.974784135818,0.007734619081,0.007773705292,0.009707661346
1399,0,anger,0,anger,0.937629580498,0.008911775425,0.033875215799,0.019583545625
1103,1,joy,0,anger,0.933208644390,0.045627363026,0.008995122276,0.012168909423
520,2,optimism,0,anger,0.680714607239,0.022442573681,0.011291419156,0.285551398993
2010,1,joy,1,joy,0.007322945632,0.977955162525,0.006134027150,0.008587845601
2708,1,joy,1,joy,0.008688556962,0.971163451672,0.007168241311,0.012979742140
3054,3,sadness,3,sadness,0.007792534772,0.008787116967,0.007437039167,0.975983321667
1461,1,joy,1,joy,0.007903344929,0.955340921879,0.028681963682,0.008073778823
999,0,anger,0,anger,0.964576363564,0.008859417401,0.009624619037,0.016939645633
88,0,anger,0,anger,0.931599795818,0.026038521901,0.016704972833,0.025656811893
2887,0,anger,0,anger,0.974210858345,0.007956328802,0.011768871918,0.006063977722
2728,0,anger,0,anger,0.976354479790,0.007895644754,0.007789900992,0.007959984243
106,3,sadness,3,sadness,0.005253044423,0.007865189575,0.007975406945,0.978906393051
1194,3,sadness,3,sadness,0.007611981593,0.010261984542,0.012614508159,0.969511508942
2420,3,sadness,3,sadness,0.035107001662,0.007673772983,0.035175342113,0.922043919563
167,3,sadness,3,sadness,0.007278586272,0.076353833079,0.011110601015,0.905256986618
1827,0,anger,0,anger,0.499676853418,0.025723502040,0.012918021530,0.461681634188
1074,0,anger,3,sadness,0.013068734668,0.009856231511,0.014176293276,0.962898731232
3154,1,joy,1,joy,0.007249220274,0.978830993176,0.007353350520,0.006566510536
1348,0,anger,0,anger,0.964048922062,0.012306072749,0.012673730031,0.010971238837
3199,2,optimism,2,optimism,0.010641520843,0.077264957130,0.895281612873,0.016811871901
850,2,optimism,0,anger,0.524960815907,0.021897880360,0.440203011036,0.012938254513
2400,0,anger,0,anger,0.975587189198,0.009768765420,0.008371987380,0.006272003520
2499,0,anger,0,anger,0.946719706059,0.012126028538,0.006174317561,0.034979935735
729,1,joy,2,optimism,0.009708193131,0.182058960199,0.786398231983,0.021834636107
622,1,joy,1,joy,0.023143693805,0.730146527290,0.008203817531,0.238506078720
3129,2,optimism,2,optimism,0.008390890434,0.008172444068,0.973827421665,0.009609117173
1925,1,joy,1,joy,0.007379862946,0.962864577770,0.018249880522,0.011505750008
2332,3,sadness,3,sadness,0.020155126229,0.026033839211,0.008812346496,0.944998681545
2791,2,optimism,2,optimism,0.014107373543,0.036082278937,0.877229154110,0.072581179440
1111,0,anger,0,anger,0.977317810059,0.008260435425,0.007969001308,0.006452817004
2602,0,anger,0,anger,0.941938638687,0.010886020958,0.015905389562,0.031270056963
457,0,anger,0,anger,0.975122570992,0.011219738983,0.007745123003,0.005912646186
3211,0,anger,0,anger,0.972661137581,0.009063517675,0.012322363444,0.005952969193
489,2,optimism,2,optimism,0.006204463076,0.040031958371,0.946190416813,0.007573198061
2461,1,joy,1,joy,0.007739862893,0.976872920990,0.004245643504,0.011141608469
1459,3,sadness,3,sadness,0.007038919721,0.008536431007,0.008207796142,0.976216852665
856,0,anger,3,sadness,0.009931190871,0.124851584435,0.020854661241,0.844362556934
2711,3,sadness,3,sadness,0.005177493207,0.007733959239,0.007320113946,0.979768455029
1893,3,sadness,3,sadness,0.007501850370,0.008814684115,0.008190657012,0.975492835045
235,2,optimism,0,anger,0.972796857357,0.006827213801,0.010546978563,0.009828970768
1747,0,anger,0,anger,0.975146055222,0.009668742307,0.008060145192,0.007124981843
1779,1,joy,1,joy,0.006903440226,0.975166320801,0.006905737799,0.011024508625
3179,0,anger,0,anger,0.976591765881,0.008103235625,0.007691849954,0.007613076828
3029,1,joy,1,joy,0.008871186525,0.972523689270,0.006986977533,0.011618229561
1686,3,sadness,3,sadness,0.010301578790,0.005944876000,0.008091738448,0.975661873817
1026,0,anger,0,anger,0.977096855640,0.009831271134,0.007941070944,0.005130801816
2301,0,anger,0,anger,0.973167240620,0.011073708534,0.008446069434,0.007313096430
1127,1,joy,0,anger,0.487407684326,0.035454250872,0.015245055780,0.461893081665
165,0,anger,0,anger,0.971305489540,0.010126278736,0.012833569199,0.005734715145
522,0,anger,0,anger,0.975106596947,0.009745301679,0.007865155116,0.007283029612
1647,3,sadness,3,sadness,0.010171657428,0.020430095494,0.386139333248,0.583258926868
2211,0,anger,0,anger,0.968779325485,0.015516404063,0.006495493930,0.009208789095
1360,0,anger,0,anger,0.777853071690,0.072485975921,0.131863251328,0.017797684297
497,1,joy,1,joy,0.004803916439,0.981094002724,0.005920222029,0.008181804791
2492,1,joy,1,joy,0.007269185502,0.977403342724,0.006451000459,0.008876481093
382,1,joy,1,joy,0.006637313403,0.979058444500,0.005041945260,0.009262217209
776,3,sadness,3,sadness,0.009187095799,0.008495621383,0.009020233527,0.973297059536
1659,1,joy,1,joy,0.063092924654,0.852043509483,0.037151005119,0.047712538391
3058,1,joy,1,joy,0.006544988602,0.979401171207,0.006548091304,0.007505755872
2561,0,anger,0,anger,0.971123874187,0.011980975978,0.011373256333,0.005521844141
1122,3,sadness,3,sadness,0.046224191785,0.018136383966,0.014352665283,0.921286761761
2103,0,anger,0,anger,0.894452929497,0.077099271119,0.009934190661,0.018513545394
285,1,joy,1,joy,0.103948175907,0.816099226475,0.017307840288,0.062644697726
2334,3,sadness,3,sadness,0.026105266064,0.009646436200,0.005620645359,0.958627641201
3209,1,joy,1,joy,0.006430360489,0.961535274982,0.019843773916,0.012190467678
1082,0,anger,0,anger,0.973083436489,0.006296857726,0.010642195120,0.009977443144
610,3,sadness,1,joy,0.007708549500,0.968134641647,0.007096431684,0.017060346901
552,0,anger,0,anger,0.973719477654,0.010548336431,0.008433697745,0.007298568729
756,0,anger,0,anger,0.972329199314,0.009342405945,0.007507660892,0.010820717551
2215,3,sadness,3,sadness,0.009026152082,0.010597191751,0.005240647122,0.975135922432
1537,1,joy,1,joy,0.006197363138,0.972705781460,0.005256604869,0.015840249136
2574,3,sadness,3,sadness,0.007657886483,0.006424766500,0.011610595509,0.974306762218
1025,1,joy,0,anger,0.973744213581,0.012163691223,0.007814567536,0.006277504843
3032,3,sadness,3,sadness,0.005295107141,0.006853854284,0.009145068005,0.978705942631
2701,0,anger,0,anger,0.976156771183,0.007776248734,0.008830892853,0.007236139849
3053,3,sadness,3,sadness,0.008085578680,0.012924691662,0.005513919517,0.973475873470
473,0,anger,0,anger,0.967676877975,0.007599295117,0.006329895929,0.018393820152
2493,2,optimism,2,optimism,0.004860777408,0.005265996326,0.971398830414,0.018474353477
3124,1,joy,1,joy,0.006879272405,0.974783003330,0.006586125586,0.011751585640
3096,0,anger,0,anger,0.969736456871,0.011306421831,0.008153820410,0.010803261772
1051,1,joy,0,anger,0.789250493050,0.017078287899,0.111279413104,0.082391738892
296,1,joy,3,sadness,0.006408833433,0.027064910159,0.008277148008,0.958249151707
1145,2,optimism,0,anger,0.975777864456,0.009928029031,0.008081994951,0.006212058011
1681,3,sadness,3,sadness,0.006977452897,0.007118026726,0.010812463239,0.975092113018
2081,0,anger,0,anger,0.972879171371,0.009757516906,0.007090104744,0.010273216292
633,0,anger,3,sadness,0.106065943837,0.011576722376,0.046815358102,0.835542023182
491,3,sadness,3,sadness,0.006223208271,0.016023209319,0.008222295903,0.969531297684
493,2,optimism,2,optimism,0.031118227169,0.262654960155,0.691744387150,0.014482423663
510,3,sadness,3,sadness,0.007244299166,0.008733086288,0.010506873019,0.973515748978
1072,1,joy,1,joy,0.006484315731,0.978448152542,0.005958394613,0.009109064937
2629,0,anger,0,anger,0.973610103130,0.006829996593,0.011490609497,0.008069301955
65,0,anger,0,anger,0.972822785378,0.010204763152,0.011017965153,0.005954549182
452,1,joy,1,joy,0.006427139044,0.980506896973,0.005365734454,0.007700190414
1976,0,anger,0,anger,0.979521453381,0.006535002030,0.008557305671,0.005386181176
160,0,anger,0,anger,0.957360386848,0.013654957525,0.007684357464,0.021300287917
18,2,optimism,0,anger,0.954726397991,0.009974901564,0.008318246342,0.026980532333
825,0,anger,0,anger,0.904781937599,0.014323027804,0.013635343872,0.067259632051
1491,0,anger,0,anger,0.973447084427,0.011297810823,0.007919012569,0.007336039096
340,2,optimism,2,optimism,0.004836900160,0.011291312985,0.952313661575,0.031558100134
324,0,anger,0,anger,0.973922073841,0.008959039114,0.008842229843,0.008276659064
875,0,anger,0,anger,0.968598008156,0.011581892148,0.006556618493,0.013263415545
149,3,sadness,0,anger,0.781781792641,0.013979643583,0.008858443238,0.195380091667
406,0,anger,0,anger,0.714569032192,0.015871172771,0.012883854099,0.256675928831
533,0,anger,0,anger,0.965699970722,0.007850549184,0.007381082978,0.019068395719
1999,3,sadness,1,joy,0.004731393419,0.938515067101,0.010334023274,0.046419572085
978,2,optimism,2,optimism,0.004524395335,0.009972292930,0.976674079895,0.008829230443
2129,0,anger,0,anger,0.974663972855,0.011389434338,0.007808833849,0.006137843244
352,0,anger,0,anger,0.868131220341,0.026145981625,0.026667397469,0.079055406153
1775,3,sadness,3,sadness,0.005586815067,0.009452157654,0.009768280201,0.975192725658
2080,0,anger,0,anger,0.975188553333,0.009353915229,0.009234589525,0.006222903263
2967,1,joy,1,joy,0.010553762317,0.975872278214,0.004849783611,0.008724142797
1545,0,anger,0,anger,0.578167498112,0.009842789732,0.395087242126,0.016902431846
197,0,anger,0,anger,0.960962057114,0.009546055458,0.014733485878,0.014758398756
2491,0,anger,0,anger,0.966605424881,0.010538572446,0.011201062240,0.011654839851
2474,0,anger,3,sadness,0.076641663909,0.108556605875,0.007904519327,0.806897163391
2659,3,sadness,3,sadness,0.007227832917,0.008234167472,0.020458754152,0.964079260826
392,3,sadness,3,sadness,0.016605122015,0.009443690069,0.010585037991,0.963366150856
2042,3,sadness,0,anger,0.958272814751,0.012216253206,0.011049486697,0.018461415544
1473,0,anger,0,anger,0.971765041351,0.009451205842,0.008405157365,0.010378682986
2055,1,joy,1,joy,0.013733046129,0.950935602188,0.024931844324,0.010399532504
701,1,joy,1,joy,0.007237148937,0.978387236595,0.005210282747,0.009165235795
2924,0,anger,0,anger,0.978181540966,0.008529296145,0.006195402704,0.007093749475
353,0,anger,0,anger,0.976030588150,0.009000339545,0.008607633412,0.006361532491
1287,0,anger,0,anger,0.971895933151,0.007524406072,0.010273993015,0.010305665433
657,2,optimism,2,optimism,0.004180179443,0.009222502820,0.971557259560,0.015040111728
1106,3,sadness,3,sadness,0.006323523819,0.008421188220,0.031007826328,0.954247474670
2564,0,anger,0,anger,0.973029136658,0.011317040771,0.010232595727,0.005421153735
154,3,sadness,3,sadness,0.020826281980,0.015928490087,0.016869900748,0.946375250816
1285,0,anger,0,anger,0.975882947445,0.008204382844,0.007817873731,0.008094790392
2018,1,joy,1,joy,0.005318141077,0.949229598045,0.017868431285,0.027583826333
2934,1,joy,1,joy,0.007048096042,0.979189872742,0.004767714068,0.008994411677
1012,1,joy,1,joy,0.008540388197,0.961854934692,0.017249992117,0.012354701757
2686,1,joy,1,joy,0.010063471273,0.963754057884,0.010124410503,0.016058117151
2393,3,sadness,2,optimism,0.018557818606,0.022290172055,0.829428017139,0.129724055529
2999,0,anger,0,anger,0.772640287876,0.150347858667,0.019173735753,0.057838104665
2347,2,optimism,3,sadness,0.010907952674,0.114267021418,0.038022041321,0.836802959442
1284,1,joy,1,joy,0.007935303263,0.973335444927,0.004442997742,0.014286188409
45,3,sadness,3,sadness,0.009757214226,0.013627743348,0.008656535298,0.967958509922
236,0,anger,0,anger,0.974061846733,0.009583130479,0.007863196544,0.008491758257
1602,1,joy,1,joy,0.013150878251,0.964899659157,0.014681705274,0.007267749403
1802,0,anger,0,anger,0.962178170681,0.009119663388,0.016473200172,0.012228989974
1417,0,anger,0,anger,0.967098236084,0.009824372828,0.010925479233,0.012151803821
1962,0,anger,0,anger,0.973156929016,0.009451393038,0.008464930579,0.008926740848
800,0,anger,0,anger,0.974654197693,0.010381151922,0.007684203330,0.007280390244
2785,3,sadness,3,sadness,0.007288722787,0.012426880188,0.010457299650,0.969827115536
3151,0,anger,1,joy,0.014647261240,0.970123112202,0.006461192388,0.008768361062
2961,0,anger,0,anger,0.978139758110,0.009049450047,0.007230855525,0.005579943769
744,3,sadness,3,sadness,0.004155869130,0.025775779039,0.018606148660,0.951462149620
2180,0,anger,3,sadness,0.012942791916,0.074884712696,0.028302343562,0.883870124817
2494,0,anger,0,anger,0.975082218647,0.007838155143,0.011015554890,0.006064096000
140,0,anger,0,anger,0.967236578465,0.005529880058,0.017026238143,0.010207328945
2090,0,anger,1,joy,0.105642147362,0.511834859848,0.005844367202,0.376678645611
635,3,sadness,3,sadness,0.007854184136,0.009388102219,0.012135622092,0.970622062683
1937,0,anger,0,anger,0.970030546188,0.011918443255,0.010722395964,0.007328559645
1698,3,sadness,3,sadness,0.005324649625,0.008468260989,0.006705040578,0.979502022266
2878,2,optimism,2,optimism,0.006166261621,0.006482750177,0.978741586208,0.008609480225
2149,3,sadness,3,sadness,0.005303484853,0.008021499030,0.006274650805,0.980400323868
1019,3,sadness,3,sadness,0.019581051543,0.019406748936,0.070035971701,0.890976250172
674,0,anger,3,sadness,0.007601458579,0.058166261762,0.448786765337,0.485445499420
698,3,sadness,3,sadness,0.014311289415,0.111226819456,0.172335311770,0.702126562595
303,0,anger,0,anger,0.968495607376,0.006685898639,0.012387660332,0.012430837378
2384,0,anger,0,anger,0.966850876808,0.012375359423,0.012024273165,0.008749576285
1509,0,anger,0,anger,0.943867027760,0.024589039385,0.008869752288,0.022674074396
1671,1,joy,1,joy,0.008028761484,0.971774041653,0.011714964174,0.008482302539
2691,3,sadness,0,anger,0.881834924221,0.020442172885,0.023122953251,0.074599944055
2678,3,sadness,3,sadness,0.010443206877,0.025010371581,0.016617374495,0.947929024696
2747,0,anger,0,anger,0.976371288300,0.008523312397,0.009056719020,0.006048716605
1312,0,anger,0,anger,0.974631667137,0.010449955240,0.008889554068,0.006028831471
2549,3,sadness,3,sadness,0.005349687766,0.008696972392,0.007766862400,0.978186428547
2282,3,sadness,3,sadness,0.004807617050,0.009290794842,0.006552460138,0.979349136353
3033,1,joy,3,sadness,0.256961613894,0.167678713799,0.238161489367,0.337198168039
2879,3,sadness,0,anger,0.967145383358,0.007877836004,0.008043495938,0.016933266073
664,2,optimism,1,joy,0.019220480695,0.444170951843,0.372495025396,0.164113461971
1812,3,sadness,3,sadness,0.004573720507,0.011469474062,0.006780782249,0.977176070213
1299,0,anger,0,anger,0.977168560028,0.007488046307,0.008929397911,0.006414095405
1506,3,sadness,0,anger,0.514960825443,0.009643160738,0.049537867308,0.425858169794
3025,2,optimism,2,optimism,0.006080093794,0.005915419199,0.980188727379,0.007815789431
308,3,sadness,2,optimism,0.006659370847,0.004763830919,0.972531259060,0.016045654193
1206,0,anger,2,optimism,0.048081789166,0.010034064762,0.934949576855,0.006934646051
124,2,optimism,3,sadness,0.008010111749,0.021594585851,0.387898325920,0.582496941090
1621,3,sadness,3,sadness,0.006600158755,0.007188800257,0.008106114343,0.978104889393
803,3,sadness,3,sadness,0.016964189708,0.009555917233,0.006518405396,0.966961562634
2675,2,optimism,2,optimism,0.047939810902,0.004934132565,0.923087775707,0.024038227275
859,0,anger,0,anger,0.976218461990,0.009503590874,0.007196411956,0.007081592921
1850,3,sadness,0,anger,0.692392051220,0.013411071151,0.014635785483,0.279561102390
2954,1,joy,1,joy,0.004882030189,0.981068909168,0.007108933758,0.006940100808
2532,0,anger,0,anger,0.968196868896,0.012506876141,0.011116491631,0.008179705590
319,2,optimism,0,anger,0.970340132713,0.008672065102,0.009486172348,0.011501675472
2928,1,joy,3,sadness,0.090206034482,0.010690478608,0.010577539913,0.888525962830
2862,2,optimism,2,optimism,0.005506149493,0.007575585507,0.980210602283,0.006707702763
36,0,anger,3,sadness,0.008869793266,0.006114090327,0.010391430929,0.974624633789
2228,0,anger,0,anger,0.975048243999,0.010395347141,0.008210325614,0.006346120965
1257,3,sadness,2,optimism,0.006309945602,0.005373403430,0.977982282639,0.010334290564
1872,1,joy,1,joy,0.007066466846,0.975410580635,0.004766388796,0.012756606564
1178,0,anger,0,anger,0.977885484695,0.006466640625,0.006401602179,0.009246207774
112,0,anger,3,sadness,0.063830778003,0.013390075415,0.008453548886,0.914325594902
895,1,joy,1,joy,0.006427839864,0.980059444904,0.004854478408,0.008658145554
314,0,anger,0,anger,0.977147519588,0.008850408718,0.007998533547,0.006003519055
1907,2,optimism,2,optimism,0.010145084001,0.011029209010,0.545442938805,0.433382749557
1939,3,sadness,3,sadness,0.016558401287,0.012649141252,0.022698741406,0.948093712330
2148,0,anger,0,anger,0.976413190365,0.009257917292,0.006975940894,0.007352924440
769,0,anger,0,anger,0.971136569977,0.010322149843,0.010613293387,0.007927935570
120,2,optimism,2,optimism,0.005265987478,0.007376677822,0.979005753994,0.008351525292
558,3,sadness,3,sadness,0.006166260689,0.006945583504,0.006144315470,0.980743825436
2378,0,anger,0,anger,0.964031398296,0.008172885515,0.019870655611,0.007925149985
1787,2,optimism,2,optimism,0.006021493115,0.006350666750,0.980640530586,0.006987356115
1804,1,joy,1,joy,0.006524625700,0.968163907528,0.007962307893,0.017349194735
3135,3,sadness,3,sadness,0.005216551013,0.007998310961,0.007475857157,0.979309320450
1258,3,sadness,3,sadness,0.253229320049,0.020361643285,0.011548854411,0.714860141277
1689,0,anger,0,anger,0.976214587688,0.009259715676,0.008315436542,0.006210158113
2636,1,joy,1,joy,0.010499398224,0.941852271557,0.007052505855,0.040595892817
751,1,joy,1,joy,0.006742170546,0.967362403870,0.006824716460,0.019070720300
2664,0,anger,0,anger,0.932844281197,0.011811947450,0.010435490869,0.044908281416
231,0,anger,0,anger,0.961164474487,0.018552761525,0.007481923327,0.012800811790
956,0,anger,0,anger,0.619771182537,0.026463774964,0.011049352586,0.342715680599
1963,0,anger,0,anger,0.967327058315,0.012426938862,0.007565848995,0.012680041604
2630,3,sadness,3,sadness,0.005803276319,0.006995129399,0.007534326985,0.979667305946
2745,3,sadness,3,sadness,0.006755784620,0.011322866194,0.007909853011,0.974011540413
1683,1,joy,2,optimism,0.020023845136,0.461098134518,0.504017233849,0.014860739000
2846,1,joy,2,optimism,0.109469369054,0.165574654937,0.364829391241,0.360126614571
857,1,joy,1,joy,0.005150381476,0.944248914719,0.014465328306,0.036135520786
2154,3,sadness,3,sadness,0.004752994515,0.008652812801,0.006366508547,0.980227649212
437,0,anger,0,anger,0.974972546101,0.007494139019,0.007503228262,0.010030159727
1303,3,sadness,1,joy,0.006740734447,0.837569415569,0.123907424510,0.031782347709
118,1,joy,1,joy,0.005084810778,0.980080962181,0.006000082474,0.008834261447
1991,0,anger,0,anger,0.974176108837,0.009632995352,0.008994794451,0.007196068764
2483,1,joy,1,joy,0.005594458897,0.980230629444,0.005945688114,0.008229197003
60,2,optimism,2,optimism,0.004767755512,0.007503568660,0.979505658150,0.008222981356
968,2,optimism,2,optimism,0.039171736687,0.088189609349,0.818191707134,0.054447002709
723,0,anger,0,anger,0.973987996578,0.012671194971,0.007543684915,0.005797175225
832,0,anger,3,sadness,0.074549652636,0.013922731392,0.011718995869,0.899808645248
2544,1,joy,1,joy,0.007311275695,0.968303203583,0.006599416491,0.017786158249
2475,1,joy,3,sadness,0.016494339332,0.008221275173,0.006813236047,0.968471109867
1340,0,anger,0,anger,0.974963903427,0.010174869560,0.007049395237,0.007811822463
2417,0,anger,0,anger,0.974662125111,0.009725488722,0.008726600558,0.006885806564
2891,0,anger,0,anger,0.976047396660,0.007194492500,0.007543402258,0.009214590304
871,2,optimism,2,optimism,0.005264289211,0.006893322337,0.980593562126,0.007248836104
2824,0,anger,3,sadness,0.063141264021,0.027844980359,0.012290776707,0.896723031998
2572,0,anger,0,anger,0.976094841957,0.009602569044,0.007698241156,0.006604392547
1158,0,anger,0,anger,0.972353696823,0.008662262931,0.011268715374,0.007715280168
2782,3,sadness,3,sadness,0.004507267848,0.013125744648,0.005661721807,0.976705253124
463,0,anger,0,anger,0.978160798550,0.007272914518,0.007346311584,0.007219985593
3217,0,anger,0,anger,0.960874438286,0.011984066106,0.015549124219,0.011592335999
126,1,joy,1,joy,0.007853161544,0.972826182842,0.006294139195,0.013026576489
3055,3,sadness,3,sadness,0.005860776175,0.010177525692,0.006991843227,0.976969838142
594,0,anger,0,anger,0.970211625099,0.007631549146,0.013071420603,0.009085326456
2755,1,joy,1,joy,0.004335809499,0.978383600712,0.005726885982,0.011553709395
2562,0,anger,0,anger,0.974808096886,0.009640348144,0.008150160313,0.007401372306
210,1,joy,1,joy,0.006586449686,0.970574915409,0.010769303888,0.012069354765
1188,3,sadness,3,sadness,0.004856998101,0.010960361920,0.006466130260,0.977716505527
1764,0,anger,0,anger,0.974678456783,0.007282008417,0.009528120980,0.008511411957
494,0,anger,0,anger,0.967385709286,0.012495784089,0.011531230062,0.008587268181
2699,0,anger,0,anger,0.977760136127,0.009594280273,0.006826457568,0.005819141399
2048,0,anger,0,anger,0.972158253193,0.005941635929,0.015673229471,0.006226917263
3164,2,optimism,2,optimism,0.004152489826,0.014289377257,0.974097371101,0.007460846566
712,3,sadness,3,sadness,0.004285912495,0.013112070970,0.007410496473,0.975191473961
2398,1,joy,0,anger,0.950491130352,0.018393471837,0.013349020854,0.017766412348
1139,0,anger,0,anger,0.977100253105,0.008651548065,0.007821138017,0.006427093409
3160,0,anger,0,anger,0.977442860603,0.007051178254,0.006911414210,0.008594485931
807,3,sadness,3,sadness,0.010140151717,0.016794547439,0.004712998401,0.968352258205
1475,0,anger,0,anger,0.975770354271,0.008960245177,0.009573882446,0.005695576314
291,0,anger,0,anger,0.976426839828,0.008414925076,0.008244606666,0.006913648918
1709,0,anger,0,anger,0.971654832363,0.011163516901,0.007381604053,0.009800042957
2971,3,sadness,3,sadness,0.010547857732,0.008956974372,0.005527433474,0.974967777729
1761,2,optimism,2,optimism,0.005240127444,0.015845954418,0.973547041416,0.005366939586
2169,0,anger,0,anger,0.973102748394,0.013431762345,0.007849754766,0.005615700036
2107,0,anger,0,anger,0.975701332092,0.008825374767,0.008408212103,0.007065068930
1581,3,sadness,3,sadness,0.008313082159,0.015410813503,0.006890584715,0.969385564327
2709,3,sadness,3,sadness,0.006565697026,0.008790101856,0.006915879436,0.977728366852
2670,0,anger,0,anger,0.975223481655,0.008423636667,0.008868766949,0.007484089117
2966,1,joy,1,joy,0.008501077071,0.966097831726,0.012258267030,0.013142788783
191,1,joy,1,joy,0.011944524944,0.484850436449,0.366187840700,0.137017175555
1281,3,sadness,3,sadness,0.051870170981,0.009102933109,0.293053686619,0.645973205566
1786,0,anger,0,anger,0.974512219429,0.011931764893,0.008379823528,0.005176093429
267,0,anger,2,optimism,0.392844438553,0.031775128096,0.557878196239,0.017502168193
52,3,sadness,3,sadness,0.006127965637,0.007554593030,0.007288790774,0.979028642178
923,0,anger,3,sadness,0.011579111218,0.017868701369,0.005030650180,0.965521574020
2992,1,joy,3,sadness,0.004438818898,0.013697509654,0.005996163934,0.975867509842
1209,1,joy,1,joy,0.014423884451,0.927524149418,0.024479918182,0.033572141081
542,0,anger,0,anger,0.974935233593,0.008293870836,0.011490227655,0.005280685145
2626,3,sadness,3,sadness,0.005725466181,0.017849193886,0.005551461130,0.970873951912
334,3,sadness,3,sadness,0.011862096377,0.020799905062,0.012027204968,0.955310821533
2769,0,anger,0,anger,0.970015764236,0.011430324055,0.009476465173,0.009077447467
2764,3,sadness,3,sadness,0.021667620167,0.007694943808,0.025557789952,0.945079624653
1089,3,sadness,3,sadness,0.007831763476,0.007776699029,0.008089345880,0.976302206516
1790,1,joy,1,joy,0.007810918614,0.796717524529,0.175833135843,0.019638389349
1949,3,sadness,3,sadness,0.005030424800,0.009915960953,0.006671170704,0.978382468224
2772,0,anger,0,anger,0.968424797058,0.010971937329,0.011657427065,0.008945811540
2568,0,anger,0,anger,0.975986957550,0.009922545403,0.007366025820,0.006724477746
778,2,optimism,3,sadness,0.012278681621,0.012732740492,0.062671490014,0.912317097187
816,2,optimism,2,optimism,0.044787120074,0.322762817144,0.603977560997,0.028472492471
727,3,sadness,0,anger,0.974543809891,0.008959635161,0.009750508703,0.006746064872
1565,1,joy,1,joy,0.186694920063,0.749794363976,0.011585243046,0.051925446838
1882,3,sadness,3,sadness,0.027804493904,0.008796432056,0.086236692965,0.877162337303
1707,0,anger,0,anger,0.970328807831,0.011167723686,0.011587344110,0.006916183513
984,1,joy,1,joy,0.018908781931,0.794198870659,0.088849358261,0.098043069243
860,0,anger,0,anger,0.959844589233,0.008327929303,0.014495479874,0.017331991345
1546,0,anger,0,anger,0.968563020229,0.011000546627,0.010365410708,0.010071077384
335,0,anger,0,anger,0.907206833363,0.045260261744,0.019312554970,0.028220277280
215,0,anger,0,anger,0.975181758404,0.008973314427,0.009030743502,0.006814289372
515,0,anger,0,anger,0.975219249725,0.008907830343,0.006881327834,0.008991554379
614,0,anger,0,anger,0.862598896027,0.075282484293,0.011586307548,0.050532180816
716,0,anger,0,anger,0.974542438984,0.009131374769,0.007216684520,0.009109568782
3134,0,anger,2,optimism,0.032046772540,0.310357987881,0.599404096603,0.058191135526
2973,0,anger,3,sadness,0.321369022131,0.094593957067,0.009206185117,0.574830770493
1185,3,sadness,3,sadness,0.007690406870,0.009123360738,0.007548435591,0.975637793541
2457,3,sadness,3,sadness,0.006676666904,0.007120904978,0.006917276885,0.979285180569
104,2,optimism,2,optimism,0.006166454405,0.007218637504,0.979113399982,0.007501382846
1290,2,optimism,3,sadness,0.054090034217,0.028843218461,0.015674456954,0.901392281055
1598,3,sadness,3,sadness,0.016658827662,0.010181374848,0.006779270712,0.966380476952
2607,0,anger,0,anger,0.974843800068,0.010019242764,0.006290733814,0.008846277371
566,0,anger,0,anger,0.976971805096,0.008663988672,0.007518700324,0.006845538039
2617,1,joy,1,joy,0.007283642422,0.966126620770,0.011845406145,0.014744384214
1232,0,anger,0,anger,0.966704607010,0.007498249412,0.006993827410,0.018803430721
1413,2,optimism,2,optimism,0.004931399133,0.011689821258,0.976007997990,0.007370839827
283,1,joy,1,joy,0.011164807715,0.967047572136,0.007514420431,0.014273136854
1500,3,sadness,3,sadness,0.006310095545,0.006752821151,0.006650798023,0.980286300182
1382,0,anger,0,anger,0.976355910301,0.007534102071,0.007701970637,0.008408052847
3200,3,sadness,3,sadness,0.005705706310,0.007397201378,0.006977505982,0.979919552803
2902,3,sadness,3,sadness,0.082972705364,0.023691421375,0.008026323281,0.885309517384
516,0,anger,0,anger,0.972824156284,0.012065237388,0.007124694064,0.007985845208
811,0,anger,3,sadness,0.005303093232,0.033375326544,0.007375335786,0.953946232796
738,0,anger,0,anger,0.463573396206,0.406861275434,0.017757263035,0.111808106303
2403,1,joy,1,joy,0.004268659279,0.963623762131,0.012813832611,0.019293727353
3210,3,sadness,3,sadness,0.085370674729,0.026738658547,0.013482978567,0.874407649040
232,0,anger,0,anger,0.973903298378,0.011548413895,0.007223295048,0.007325020153
880,0,anger,0,anger,0.688759207726,0.079223714769,0.016650440171,0.215366572142
2705,3,sadness,3,sadness,0.456782132387,0.039403047413,0.010764696635,0.493050128222
1816,1,joy,1,joy,0.006125373766,0.932027816772,0.040186904371,0.021659871563
265,3,sadness,0,anger,0.616752088070,0.036857627332,0.014838627540,0.331551671028
3219,0,anger,0,anger,0.834107041359,0.015035627410,0.040623866022,0.110233433545
2490,0,anger,0,anger,0.776253461838,0.042815987021,0.021024547517,0.159906014800
2550,3,sadness,3,sadness,0.005838192068,0.008525651880,0.006856517866,0.978779613972
230,0,anger,0,anger,0.969504892826,0.008575709537,0.005928120110,0.015991270542
136,1,joy,1,joy,0.007823930122,0.975223839283,0.005326158367,0.011626201682
2014,1,joy,1,joy,0.023000866175,0.947724819183,0.019189881161,0.010084370151
1697,3,sadness,3,sadness,0.004929883406,0.008835827000,0.007423735689,0.978810548782
2005,0,anger,0,anger,0.806659579277,0.036275248975,0.013500852510,0.143564298749
2976,0,anger,0,anger,0.975512564182,0.008626874536,0.008254257031,0.007606252097
71,0,anger,0,anger,0.933594942093,0.010585914366,0.011782576330,0.044036597013
695,1,joy,1,joy,0.007584234700,0.970723688602,0.006439376157,0.015252559446
952,1,joy,1,joy,0.006879033521,0.975487947464,0.003869832493,0.013763131574
2015,3,sadness,3,sadness,0.006090569776,0.007403169293,0.007079354953,0.979426860809
964,0,anger,0,anger,0.968487501144,0.011096358299,0.009589283727,0.010826774873
503,3,sadness,3,sadness,0.006274052896,0.007534350734,0.006733255927,0.979458332062
1557,0,anger,0,anger,0.975445866585,0.009462476708,0.006991150323,0.008100518957
2776,3,sadness,0,anger,0.694120109081,0.024452805519,0.015634503216,0.265792548656
2343,3,sadness,3,sadness,0.007819809020,0.007259439211,0.006729303859,0.978191435337
2571,0,anger,0,anger,0.975430965424,0.009714247659,0.008202444762,0.006652267184
2145,0,anger,0,anger,0.940764188766,0.021764999256,0.005236295518,0.032234512269
2786,0,anger,0,anger,0.681057691574,0.028553461656,0.016411377117,0.273977488279
2965,0,anger,0,anger,0.975850403309,0.008371910080,0.008992728777,0.006784928963
2746,0,anger,0,anger,0.955286860466,0.018659548834,0.015174271539,0.010879358277
2986,0,anger,0,anger,0.745875418186,0.016694672406,0.014705257490,0.222724676132
2367,3,sadness,3,sadness,0.027440406382,0.011250860058,0.009291063994,0.952017605305
1321,0,anger,0,anger,0.973170697689,0.009499243461,0.006667430513,0.010662705638
246,0,anger,0,anger,0.973108291626,0.008424269035,0.007592724636,0.010874624364
144,2,optimism,2,optimism,0.004855594132,0.008828979917,0.971343934536,0.014971474186
2543,0,anger,0,anger,0.968257665634,0.009209436364,0.007504053414,0.015028781258
358,1,joy,1,joy,0.006170530804,0.974715471268,0.008973862045,0.010140144266
1620,0,anger,0,anger,0.953014612198,0.013065435924,0.008505373262,0.025414647534
2753,1,joy,1,joy,0.004962175619,0.971553444862,0.015201456845,0.008282830939
2736,1,joy,0,anger,0.975351035595,0.009681747295,0.009564814158,0.005402414594
804,0,anger,3,sadness,0.010248796083,0.009047999978,0.014208534732,0.966494619846
2958,1,joy,2,optimism,0.008431007154,0.018037430942,0.968221366405,0.005310218781
108,0,anger,0,anger,0.975575864315,0.008466400206,0.006752069574,0.009205821902
2471,0,anger,0,anger,0.971982240677,0.009281588718,0.007750212215,0.010985970497
263,1,joy,1,joy,0.015726061538,0.963900446892,0.008185205981,0.012188259512
1979,0,anger,0,anger,0.974162280560,0.009247328155,0.009484166279,0.007106178440
1593,3,sadness,3,sadness,0.007035194896,0.007717960048,0.007870749570,0.977376103401
874,0,anger,0,anger,0.976288974285,0.009050136432,0.008353019133,0.006307845004
1646,3,sadness,3,sadness,0.005796273239,0.007492473815,0.023238088936,0.963473141193
476,1,joy,3,sadness,0.021561257541,0.012855526991,0.015646608546,0.949936628342
940,2,optimism,0,anger,0.975642204285,0.007640348747,0.008622304536,0.008095118217
434,0,anger,0,anger,0.973228394985,0.011428751051,0.008670398965,0.006672383286
2216,1,joy,3,sadness,0.161541953683,0.059487268329,0.323158681393,0.455812096596
958,0,anger,0,anger,0.972390115261,0.010686344467,0.008091785945,0.008831811137
3177,1,joy,1,joy,0.006912485696,0.975498020649,0.006287467666,0.011301916093
2227,0,anger,0,anger,0.975810289383,0.009392629378,0.008231904358,0.006565189920
2274,1,joy,1,joy,0.005152198020,0.972751259804,0.009695018642,0.012401578017
62,0,anger,0,anger,0.977673888206,0.008219283074,0.007791696116,0.006315184291
1107,0,anger,0,anger,0.972017109394,0.010200644843,0.009439175017,0.008343022317
2936,1,joy,0,anger,0.875882446766,0.083684198558,0.014729626477,0.025703793392
1347,3,sadness,3,sadness,0.008224329911,0.007819362916,0.007207252085,0.976749062538
3214,0,anger,0,anger,0.935891687870,0.037667341530,0.005737333093,0.020703593269
536,0,anger,0,anger,0.971680819988,0.011118595488,0.009498038329,0.007702569477
2369,1,joy,1,joy,0.017430448905,0.959503948689,0.009090058506,0.013975664973
1609,1,joy,1,joy,0.050070416182,0.715885043144,0.149176046252,0.084868513048
1989,1,joy,2,optimism,0.019431950524,0.127058908343,0.817637383938,0.035871826112
1638,3,sadness,3,sadness,0.004802421201,0.008438461460,0.006708648056,0.980050504208
1605,2,optimism,0,anger,0.958797097206,0.023964343593,0.010197361931,0.007041183300
2749,3,sadness,3,sadness,0.006257629488,0.008491320536,0.009004260413,0.976246714592
913,3,sadness,3,sadness,0.004677236080,0.012003037147,0.009214675985,0.974105060101
1062,0,anger,0,anger,0.966771185398,0.007746847346,0.007006543223,0.018475366756
595,0,anger,0,anger,0.968661963940,0.010872756131,0.008488684893,0.011976541951
1700,1,joy,3,sadness,0.022859707475,0.035469092429,0.004361092113,0.937310159206
1085,3,sadness,0,anger,0.920446693897,0.025304162875,0.005840786267,0.048408240080
1648,0,anger,0,anger,0.964046716690,0.014210205525,0.005390878301,0.016352346167
2375,2,optimism,2,optimism,0.029500389472,0.015505405143,0.525479435921,0.429514795542
1403,3,sadness,3,sadness,0.015895443037,0.152024075389,0.008883433416,0.823197007179
2095,0,anger,0,anger,0.971236884594,0.016077024862,0.006333352998,0.006352795288
862,3,sadness,0,anger,0.588393151760,0.020998062566,0.304876059294,0.085732765496
1015,1,joy,3,sadness,0.004643533845,0.017270961776,0.008441330865,0.969644188881
686,3,sadness,3,sadness,0.012438532896,0.009444303811,0.008055289276,0.970061838627
1331,3,sadness,0,anger,0.919824659824,0.013305091299,0.008059532382,0.058810666203
3222,3,sadness,0,anger,0.852098643780,0.010167093016,0.123870626092,0.013863708824
504,1,joy,1,joy,0.009067628533,0.977582812309,0.005093274638,0.008256300353
1847,1,joy,0,anger,0.959408044815,0.019029127434,0.005128552206,0.016434162855
2452,3,sadness,3,sadness,0.051809106022,0.029731739312,0.019243735820,0.899215400219
1755,1,joy,1,joy,0.016480781138,0.955346703529,0.017819769681,0.010352655314
3044,1,joy,1,joy,0.006243381184,0.916750192642,0.035472091287,0.041534356773
3014,0,anger,0,anger,0.973379313946,0.009632807225,0.007648517843,0.009339428507
32,0,anger,0,anger,0.971651911736,0.014107376337,0.007479727268,0.006761019118
2087,3,sadness,3,sadness,0.062067523599,0.011466751806,0.012229491957,0.914236187935
1300,2,optimism,2,optimism,0.004693888128,0.009384907782,0.977178931236,0.008742224425
441,3,sadness,3,sadness,0.007362394128,0.053632404655,0.046075377613,0.892929852009
1597,0,anger,0,anger,0.905868053436,0.011529061012,0.007983548567,0.074619293213
1518,3,sadness,3,sadness,0.007784635760,0.007525254507,0.005504223518,0.979185879230
3102,0,anger,0,anger,0.898831069469,0.016915768385,0.006811144296,0.077442020178
