rank_macro_f1,mean_train_macro_f1,std_train_macro_f1,mean_cv_macro_f1,std_cv_macro_f1,mean_train_accuracy,std_train_accuracy,mean_cv_accuracy,std_cv_accuracy,mean_fit_seconds,std_fit_seconds,params_json
29,0.772305303909,0.006458462827,0.538944474960,0.020191526521,0.845947061484,0.003249416428,0.664423774655,0.017676483255,0.312317,0.053462,"{""C"": 0.05, ""character_ngram_range"": [3, 5], ""class_weight"": null, ""min_df"": 2, ""word_ngram_range"": [1, 2]}"
28,0.770195977965,0.007769376750,0.540160579045,0.019967579177,0.844027999758,0.003987470301,0.663194424811,0.016992544802,0.346226,0.004896,"{""C"": 0.05, ""character_ngram_range"": [2, 5], ""class_weight"": null, ""min_df"": 2, ""word_ngram_range"": [1, 2]}"
30,0.771458565128,0.006605045712,0.534230220493,0.017698204584,0.845947032023,0.003435819932,0.660431803832,0.015852013261,0.400493,0.003624,"{""C"": 0.05, ""character_ngram_range"": [3, 6], ""class_weight"": null, ""min_df"": 2, ""word_ngram_range"": [1, 2]}"
12,0.951864619616,0.003355450259,0.654196985558,0.017345310029,0.951335158935,0.002637934281,0.710167934183,0.013808321862,0.290858,0.006845,"{""C"": 0.05, ""character_ngram_range"": [3, 5], ""class_weight"": ""balanced"", ""min_df"": 2, ""word_ngram_range"": [1, 2]}"
10,0.951973031007,0.002691713315,0.657750704097,0.022375238556,0.950951517464,0.001748080482,0.712010309764,0.018459309463,0.352188,0.007346,"{""C"": 0.05, ""character_ngram_range"": [2, 5], ""class_weight"": ""balanced"", ""min_df"": 2, ""word_ngram_range"": [1, 2]}"
14,0.955010997415,0.002678375124,0.652343251422,0.017539618376,0.954328899940,0.001822389338,0.709246275197,0.012724552345,0.410656,0.013443,"{""C"": 0.05, ""character_ngram_range"": [3, 6], ""class_weight"": ""balanced"", ""min_df"": 2, ""word_ngram_range"": [1, 2]}"
26,0.931669896196,0.002435056809,0.607109302213,0.038629741795,0.946346346759,0.000781694144,0.698187309755,0.016403693194,0.295102,0.006699,"{""C"": 0.1, ""character_ngram_range"": [3, 5], ""class_weight"": null, ""min_df"": 2, ""word_ngram_range"": [1, 2]}"
25,0.927596583994,0.002487629795,0.608984432739,0.035724305428,0.943967074358,0.001487617449,0.698187309755,0.016779213259,0.360724,0.003845,"{""C"": 0.1, ""character_ngram_range"": [2, 5], ""class_weight"": null, ""min_df"": 2, ""word_ngram_range"": [1, 2]}"
27,0.934143327766,0.003410369045,0.605951208862,0.033903739394,0.948111798699,0.001597694115,0.698496414200,0.015044864903,0.412163,0.006923,"{""C"": 0.1, ""character_ngram_range"": [3, 6], ""class_weight"": null, ""min_df"": 2, ""word_ngram_range"": [1, 2]}"
5,0.976776701622,0.001798310855,0.663306411591,0.009487787078,0.976665748465,0.001885303736,0.714155664245,0.009333690484,0.301966,0.005513,"{""C"": 0.1, ""character_ngram_range"": [3, 5], ""class_weight"": ""balanced"", ""min_df"": 2, ""word_ngram_range"": [1, 2]}"
3,0.975712186135,0.001943124030,0.668805774452,0.010772987406,0.975437606704,0.001863533967,0.718455325926,0.009258152938,0.375169,0.011292,"{""C"": 0.1, ""character_ngram_range"": [2, 5], ""class_weight"": ""balanced"", ""min_df"": 2, ""word_ngram_range"": [1, 2]}"
6,0.978151672044,0.001824220339,0.661020774175,0.010096726202,0.978047441089,0.001804926169,0.712619565934,0.008123152042,0.429831,0.021770,"{""C"": 0.1, ""character_ngram_range"": [3, 6], ""class_weight"": ""balanced"", ""min_df"": 2, ""word_ngram_range"": [1, 2]}"
18,0.988816230486,0.001731660712,0.645905175138,0.025130365698,0.990174924838,0.001826920269,0.715072611273,0.015727702154,0.319708,0.004985,"{""C"": 0.25, ""character_ngram_range"": [3, 5], ""class_weight"": null, ""min_df"": 2, ""word_ngram_range"": [1, 2]}"
24,0.988726919199,0.001986572132,0.637932753625,0.031227107227,0.989944598542,0.002080560375,0.710159923855,0.013034129832,0.381122,0.001309,"{""C"": 0.25, ""character_ngram_range"": [2, 5], ""class_weight"": null, ""min_df"": 2, ""word_ngram_range"": [1, 2]}"
23,0.989176708559,0.001474879677,0.642191199658,0.025700730823,0.990405221672,0.001682254627,0.712004184219,0.014276444661,0.441123,0.003851,"{""C"": 0.25, ""character_ngram_range"": [3, 6], ""class_weight"": null, ""min_df"": 2, ""word_ngram_range"": [1, 2]}"
4,0.987984743305,0.001475652099,0.668730972237,0.012168381358,0.988946959843,0.001901768618,0.718764901567,0.010466241855,0.331757,0.001302,"{""C"": 0.25, ""character_ngram_range"": [3, 5], ""class_weight"": ""balanced"", ""min_df"": 2, ""word_ngram_range"": [1, 2]}"
2,0.988140711561,0.001112466340,0.669163437812,0.008562782838,0.989100422324,0.001565517506,0.718762074392,0.008056811777,0.400811,0.003279,"{""C"": 0.25, ""character_ngram_range"": [2, 5], ""class_weight"": ""balanced"", ""min_df"": 2, ""word_ngram_range"": [1, 2]}"
1,0.988096248491,0.001712616103,0.670851410717,0.010909729903,0.989177197756,0.002079638551,0.720913083223,0.010316058950,0.456392,0.008822,"{""C"": 0.25, ""character_ngram_range"": [3, 6], ""class_weight"": ""balanced"", ""min_df"": 2, ""word_ngram_range"": [1, 2]}"
20,0.996347894931,0.001320529172,0.645270507080,0.023486954110,0.996008590835,0.001342865153,0.711083467624,0.012834142493,0.353049,0.006809,"{""C"": 0.5, ""character_ngram_range"": [3, 5], ""class_weight"": null, ""min_df"": 2, ""word_ngram_range"": [1, 2]}"
21,0.996558285213,0.001015558480,0.644626333303,0.021241910732,0.996162112238,0.001164221334,0.709854588976,0.010536492671,0.424380,0.004515,"{""C"": 0.5, ""character_ngram_range"": [2, 5], ""class_weight"": null, ""min_df"": 2, ""word_ngram_range"": [1, 2]}"
19,0.996355063866,0.001416507908,0.645640601043,0.016164517162,0.996008561374,0.001488639905,0.710776719158,0.011354060338,0.488600,0.008436,"{""C"": 0.5, ""character_ngram_range"": [3, 6], ""class_weight"": null, ""min_df"": 2, ""word_ngram_range"": [1, 2]}"
11,0.990442753530,0.001513581840,0.657228060394,0.008908191095,0.991710197787,0.001935733756,0.711395399244,0.009572709609,0.366604,0.003159,"{""C"": 0.5, ""character_ngram_range"": [3, 5], ""class_weight"": ""balanced"", ""min_df"": 2, ""word_ngram_range"": [1, 2]}"
8,0.990383965145,0.001431873446,0.659078514618,0.010263524565,0.991633422355,0.001838996137,0.712930083967,0.010208183534,0.447996,0.006444,"{""C"": 0.5, ""character_ngram_range"": [2, 5], ""class_weight"": ""balanced"", ""min_df"": 2, ""word_ngram_range"": [1, 2]}"
7,0.989856266580,0.001444842809,0.659706480986,0.007605218861,0.991249633578,0.001740257686,0.713236361238,0.008313515919,0.504917,0.005788,"{""C"": 0.5, ""character_ngram_range"": [3, 6], ""class_weight"": ""balanced"", ""min_df"": 2, ""word_ngram_range"": [1, 2]}"
22,0.998034454059,0.000864703410,0.644606676638,0.014287531656,0.997466911586,0.001101926646,0.705557754469,0.008245403818,0.404945,0.006290,"{""C"": 1.0, ""character_ngram_range"": [3, 5], ""class_weight"": null, ""min_df"": 2, ""word_ngram_range"": [1, 2]}"
17,0.997916933291,0.000876871201,0.647579806715,0.010555551662,0.997313419644,0.001112500519,0.708629008698,0.008604687126,0.494824,0.005840,"{""C"": 1.0, ""character_ngram_range"": [2, 5], ""class_weight"": null, ""min_df"": 2, ""word_ngram_range"": [1, 2]}"
16,0.997975753905,0.000924448986,0.649199136544,0.012078732253,0.997390165615,0.001174345952,0.709549254097,0.010773939700,0.550788,0.006990,"{""C"": 1.0, ""character_ngram_range"": [3, 6], ""class_weight"": null, ""min_df"": 2, ""word_ngram_range"": [1, 2]}"
15,0.992878287598,0.000902450421,0.651548981717,0.008003841723,0.993859291197,0.001058693558,0.708632778265,0.009668145996,0.428214,0.004018,"{""C"": 1.0, ""character_ngram_range"": [3, 5], ""class_weight"": ""balanced"", ""min_df"": 2, ""word_ngram_range"": [1, 2]}"
13,0.992878528866,0.000822133979,0.653649867531,0.009490684407,0.993936096090,0.000952958105,0.709246275197,0.009349267075,0.519434,0.008143,"{""C"": 1.0, ""character_ngram_range"": [2, 5], ""class_weight"": ""balanced"", ""min_df"": 2, ""word_ngram_range"": [1, 2]}"
9,0.992370265340,0.000865811536,0.657891804584,0.011792781070,0.993475561343,0.000940448262,0.712314231056,0.010379097660,0.576317,0.004798,"{""C"": 1.0, ""character_ngram_range"": [3, 6], ""class_weight"": ""balanced"", ""min_df"": 2, ""word_ngram_range"": [1, 2]}"
