family,pipeline,bin,count,mean_confidence,empirical_positive_rate,absolute_gap,minimum_probability,maximum_probability
m1,identity,1,1344,0.007872380790282317,0.00818452380952381,0.0003121430192414929,0.0033256631543994337,0.009346291611051561
m1,identity,2,1344,0.010188163572648097,0.0,0.010188163572648097,0.009346852333460982,0.010887051006242593
m1,identity,3,1344,0.01150371318095367,0.002232142857142857,0.009271570323810811,0.010887780176530307,0.012116784553804924
m1,identity,4,1344,0.012811818538194061,0.003720238095238095,0.009091580442955965,0.012119079274081328,0.01354758685390658
m1,identity,5,1344,0.014318177424483321,0.00744047619047619,0.006877701234007131,0.013550652356634205,0.015059226819332703
m1,identity,6,1344,0.01592393199999866,0.010416666666666666,0.005507265333331993,0.015059325836916238,0.016782310869557882
m1,identity,7,1344,0.017687388495463433,0.010416666666666666,0.007270721828796766,0.016782601992855913,0.018601638976433285
m1,identity,8,1344,0.01966912272454163,0.012648809523809524,0.007020313200732105,0.018602640072916243,0.020766333781838387
m1,identity,9,1344,0.02193187725163987,0.011160714285714286,0.010771162965925585,0.020767478003000144,0.023229641559278043
m1,identity,10,1344,0.024758129723297426,0.012648809523809524,0.012109320199487902,0.023232059828597038,0.026476072184327605
m1,identity,11,1344,0.029516641689392418,0.021577380952380952,0.007939260737011466,0.026477024716339743,0.03393506191575302
m1,identity,12,1344,0.04124193996411608,0.04985119047619048,0.008609250512074403,0.0339364532249434,0.05091198807514249
m1,identity,13,1344,0.07643136729047148,0.09226190476190477,0.015830537471433287,0.05093461885141188,0.13592589380277642
m1,identity,14,1344,0.5085772912544806,0.43080357142857145,0.07777371982590914,0.13619810926478557,0.8793428980258715
m1,identity,15,1344,0.9475092497762623,0.875,0.07250924977626227,0.8796400244474994,0.9833632470496346
m1,temperature,1,1344,0.008197640565998102,0.00818452380952381,1.311675647429171e-05,0.0032698029207727237,0.009698432584672772
m1,temperature,2,1344,0.010575595638705172,0.0,0.010575595638705172,0.00970023716133338,0.011336883163038259
m1,temperature,3,1344,0.011960955571624677,0.002976190476190476,0.008984765095434201,0.011337235909534787,0.012593336395610787
m1,temperature,4,1344,0.013313380869463607,0.002976190476190476,0.01033719039327313,0.012597297815142659,0.014081668678813719
m1,temperature,5,1344,0.014838690705122433,0.00744047619047619,0.0073982145146462425,0.014082191677015132,0.015618409990302017
m1,temperature,6,1344,0.01645715278629482,0.011904761904761904,0.004552390881532916,0.01561846863937912,0.017324748353025242
m1,temperature,7,1344,0.018284568494996774,0.008928571428571428,0.009355997066425346,0.01732546274820089,0.019225175912976317
m1,temperature,8,1344,0.020316731577926357,0.014136904761904762,0.006179826816021595,0.01922948758854636,0.021438876605407386
m1,temperature,9,1344,0.022598436367922255,0.009672619047619048,0.012925817320303207,0.021438976642500784,0.023900535441510832
m1,temperature,10,1344,0.025466751123415794,0.013392857142857142,0.012073893980558652,0.02390243220416388,0.027214198481334818
m1,temperature,11,1344,0.030315634319231316,0.020089285714285716,0.0102263486049456,0.027215650231760116,0.03478503712410805
m1,temperature,12,1344,0.04221677790028557,0.05133928571428571,0.00912250781400014,0.03479425195523507,0.05224885867054689
m1,temperature,13,1344,0.0777958291017056,0.09077380952380952,0.012977980422103921,0.052258186378435746,0.1373849646462222
m1,temperature,14,1344,0.5085007544258643,0.43154761904761907,0.07695313537824522,0.1377206682736652,0.877871610313184
m1,temperature,15,1344,0.94640951035947,0.875,0.07140951035946996,0.8778828697432617,0.9835609780298024
m3,identity,1,1344,0.00010000020792266984,0.000744047619047619,0.0006440474111249492,2.8807531730478194e-08,0.00024857990491090345
m3,identity,2,1344,0.00047064708524537503,0.000744047619047619,0.000273400533802244,0.00024857990491090345,0.0007155463827048913
m3,identity,3,1344,0.0010312569720299254,0.001488095238095238,0.00045683826606531257,0.0007164880370133096,0.0013768432733490715
m3,identity,4,1344,0.0018088579240205477,0.001488095238095238,0.00032076268592530965,0.0013775075825710208,0.0022573542801396767
m3,identity,5,1344,0.0028011885232689703,0.002232142857142857,0.0005690456661261133,0.0022577549029110687,0.0033737396585643365
m3,identity,6,1344,0.004043965634222197,0.00744047619047619,0.0033965105562539927,0.003374533383623677,0.004769180106557247
m3,identity,7,1344,0.005622598656159399,0.004464285714285714,0.0011583129418736848,0.004769834238132476,0.006628890205677152
m3,identity,8,1344,0.0079357653903127,0.005208333333333333,0.0027274320569793667,0.006629766308644893,0.009438603258800134
m3,identity,9,1344,0.0113520971440565,0.011904761904761904,0.0005526647607054045,0.009444083957949224,0.013567330213046179
m3,identity,10,1344,0.01687421153589592,0.01488095238095238,0.0019932591549435413,0.01357352817605335,0.020812097346939028
m3,identity,11,1344,0.026982532319099934,0.029017857142857144,0.00203532482375721,0.0208299752348474,0.03494938282750478
m3,identity,12,1344,0.05047710160765847,0.04538690476190476,0.005090196845753708,0.03494938282750478,0.07225920739695191
m3,identity,13,1344,0.11930188980142004,0.11235119047619048,0.006950699325229556,0.07229890338667608,0.19407287660648334
m3,identity,14,1344,0.4136807880875343,0.4211309523809524,0.0074501642934181045,0.1942596594082571,0.7126906195559892
m3,identity,15,1344,0.9011966302383754,0.8898809523809523,0.011315677857423045,0.7128708386112339,0.9999105641414558
m3,temperature,1,1344,0.0001020093283673913,0.000744047619047619,0.0006420382906802277,5.3103025723412916e-08,0.0002506341747080391
m3,temperature,2,1344,0.00047852686316954133,0.000744047619047619,0.0002655207558780777,0.000250818722398175,0.0007225822342985408
m3,temperature,3,1344,0.0010283453440738037,0.001488095238095238,0.0004597498940214343,0.0007230564978680057,0.0013774767536420167
m3,temperature,4,1344,0.0018170523542564501,0.001488095238095238,0.0003289571161612121,0.0013789126695052843,0.0022942557757485577
m3,temperature,5,1344,0.0028507803393558965,0.005952380952380952,0.0031016006130250556,0.0022948911028321567,0.003463308230800654
m3,temperature,6,1344,0.00414915525119447,0.003720238095238095,0.00042891715595637456,0.0034638316074579152,0.004919631569073492
m3,temperature,7,1344,0.005863607061771169,0.005952380952380952,8.87738906097833e-05,0.004921373280264739,0.006866999705296532
m3,temperature,8,1344,0.008273288730830887,0.00744047619047619,0.0008328125403546972,0.006873366710801782,0.0098369641577597
m3,temperature,9,1344,0.011796312330614836,0.008928571428571428,0.0028677409020434075,0.00983757724915332,0.014146832937801506
m3,temperature,10,1344,0.017515057254102556,0.014136904761904762,0.0033781524921977935,0.014157131302494587,0.02161556974272955
m3,temperature,11,1344,0.02804015512557785,0.03125,0.003209844874422149,0.021615927738735184,0.036104779536516474
m3,temperature,12,1344,0.051976562780419545,0.04241071428571429,0.009565848494705258,0.03611286193692104,0.0744689981609017
m3,temperature,13,1344,0.12162071703463928,0.11235119047619048,0.009269526558448801,0.07448053467551084,0.19513307873076371
m3,temperature,14,1344,0.4143444802854236,0.4211309523809524,0.006786472095528795,0.19524427724470672,0.7111130281260611
m3,temperature,15,1344,0.8999690630533395,0.890625,0.009344063053339458,0.7111130281260611,0.9998758053168155
