family,method,target_coverage,label,positive_support,retained_positive,positive_retention
m1,mean_entropy,1.0,love,854,854,1.0
m1,mean_entropy,1.0,joy,343,343,1.0
m1,mean_entropy,1.0,surprise,31,31,1.0
m1,mean_entropy,1.0,anger,618,618,1.0
m1,mean_entropy,1.0,sadness,161,161,1.0
m1,mean_entropy,1.0,fear,74,74,1.0
m1,mean_entropy,0.95,love,854,831,0.9730679156908665
m1,mean_entropy,0.95,joy,343,321,0.9358600583090378
m1,mean_entropy,0.95,surprise,31,31,1.0
m1,mean_entropy,0.95,anger,618,605,0.9789644012944984
m1,mean_entropy,0.95,sadness,161,124,0.7701863354037267
m1,mean_entropy,0.95,fear,74,23,0.3108108108108108
m1,mean_entropy,0.9,love,854,797,0.9332552693208431
m1,mean_entropy,0.9,joy,343,271,0.7900874635568513
m1,mean_entropy,0.9,surprise,31,29,0.9354838709677419
m1,mean_entropy,0.9,anger,618,594,0.9611650485436893
m1,mean_entropy,0.9,sadness,161,80,0.4968944099378882
m1,mean_entropy,0.9,fear,74,14,0.1891891891891892
m1,mean_entropy,0.8,love,854,716,0.8384074941451991
m1,mean_entropy,0.8,joy,343,134,0.39067055393586003
m1,mean_entropy,0.8,surprise,31,20,0.6451612903225806
m1,mean_entropy,0.8,anger,618,569,0.9207119741100324
m1,mean_entropy,0.8,sadness,161,44,0.2732919254658385
m1,mean_entropy,0.8,fear,74,10,0.13513513513513514
m1,mean_entropy,0.7,love,854,630,0.7377049180327869
m1,mean_entropy,0.7,joy,343,76,0.22157434402332363
m1,mean_entropy,0.7,surprise,31,13,0.41935483870967744
m1,mean_entropy,0.7,anger,618,497,0.8042071197411004
m1,mean_entropy,0.7,sadness,161,28,0.17391304347826086
m1,mean_entropy,0.7,fear,74,6,0.08108108108108109
m1,mean_entropy,0.6,love,854,500,0.585480093676815
m1,mean_entropy,0.6,joy,343,48,0.13994169096209913
m1,mean_entropy,0.6,surprise,31,11,0.3548387096774194
m1,mean_entropy,0.6,anger,618,406,0.656957928802589
m1,mean_entropy,0.6,sadness,161,18,0.11180124223602485
m1,mean_entropy,0.6,fear,74,3,0.04054054054054054
m1,max_entropy,1.0,love,854,854,1.0
m1,max_entropy,1.0,joy,343,343,1.0
m1,max_entropy,1.0,surprise,31,31,1.0
m1,max_entropy,1.0,anger,618,618,1.0
m1,max_entropy,1.0,sadness,161,161,1.0
m1,max_entropy,1.0,fear,74,74,1.0
m1,max_entropy,0.95,love,854,804,0.9414519906323185
m1,max_entropy,0.95,joy,343,307,0.8950437317784257
m1,max_entropy,0.95,surprise,31,31,1.0
m1,max_entropy,0.95,anger,618,596,0.9644012944983819
m1,max_entropy,0.95,sadness,161,145,0.9006211180124224
m1,max_entropy,0.95,fear,74,67,0.9054054054054054
m1,max_entropy,0.9,love,854,768,0.8992974238875878
m1,max_entropy,0.9,joy,343,269,0.7842565597667639
m1,max_entropy,0.9,surprise,31,29,0.9354838709677419
m1,max_entropy,0.9,anger,618,571,0.9239482200647249
m1,max_entropy,0.9,sadness,161,134,0.8322981366459627
m1,max_entropy,0.9,fear,74,54,0.7297297297297297
m1,max_entropy,0.8,love,854,696,0.8149882903981265
m1,max_entropy,0.8,joy,343,185,0.5393586005830904
m1,max_entropy,0.8,surprise,31,22,0.7096774193548387
m1,max_entropy,0.8,anger,618,527,0.8527508090614887
m1,max_entropy,0.8,sadness,161,111,0.6894409937888198
m1,max_entropy,0.8,fear,74,23,0.3108108108108108
m1,max_entropy,0.7,love,854,631,0.7388758782201406
m1,max_entropy,0.7,joy,343,115,0.33527696793002915
m1,max_entropy,0.7,surprise,31,17,0.5483870967741935
m1,max_entropy,0.7,anger,618,466,0.7540453074433657
m1,max_entropy,0.7,sadness,161,61,0.37888198757763975
m1,max_entropy,0.7,fear,74,5,0.06756756756756757
m1,max_entropy,0.6,love,854,517,0.6053864168618267
m1,max_entropy,0.6,joy,343,57,0.1661807580174927
m1,max_entropy,0.6,surprise,31,12,0.3870967741935484
m1,max_entropy,0.6,anger,618,420,0.6796116504854369
m1,max_entropy,0.6,sadness,161,20,0.12422360248447205
m1,max_entropy,0.6,fear,74,3,0.04054054054054054
m1,margin,1.0,love,854,854,1.0
m1,margin,1.0,joy,343,343,1.0
m1,margin,1.0,surprise,31,31,1.0
m1,margin,1.0,anger,618,618,1.0
m1,margin,1.0,sadness,161,161,1.0
m1,margin,1.0,fear,74,74,1.0
m1,margin,0.95,love,854,808,0.9461358313817331
m1,margin,0.95,joy,343,304,0.8862973760932945
m1,margin,0.95,surprise,31,31,1.0
m1,margin,0.95,anger,618,597,0.9660194174757282
m1,margin,0.95,sadness,161,142,0.8819875776397516
m1,margin,0.95,fear,74,63,0.8513513513513513
m1,margin,0.9,love,854,772,0.9039812646370023
m1,margin,0.9,joy,343,272,0.793002915451895
m1,margin,0.9,surprise,31,30,0.967741935483871
m1,margin,0.9,anger,618,572,0.9255663430420712
m1,margin,0.9,sadness,161,129,0.8012422360248447
m1,margin,0.9,fear,74,51,0.6891891891891891
m1,margin,0.8,love,854,691,0.8091334894613583
m1,margin,0.8,joy,343,191,0.5568513119533528
m1,margin,0.8,surprise,31,24,0.7741935483870968
m1,margin,0.8,anger,618,540,0.8737864077669902
m1,margin,0.8,sadness,161,94,0.5838509316770186
m1,margin,0.8,fear,74,22,0.2972972972972973
m1,margin,0.7,love,854,606,0.7096018735362998
m1,margin,0.7,joy,343,127,0.37026239067055394
m1,margin,0.7,surprise,31,17,0.5483870967741935
m1,margin,0.7,anger,618,506,0.8187702265372169
m1,margin,0.7,sadness,161,40,0.2484472049689441
m1,margin,0.7,fear,74,8,0.10810810810810811
m1,margin,0.6,love,854,476,0.5573770491803278
m1,margin,0.6,joy,343,66,0.1924198250728863
m1,margin,0.6,surprise,31,12,0.3870967741935484
m1,margin,0.6,anger,618,453,0.7330097087378641
m1,margin,0.6,sadness,161,16,0.09937888198757763
m1,margin,0.6,fear,74,4,0.05405405405405406
m3,mean_entropy,1.0,love,854,854,1.0
m3,mean_entropy,1.0,joy,343,343,1.0
m3,mean_entropy,1.0,surprise,31,31,1.0
m3,mean_entropy,1.0,anger,618,618,1.0
m3,mean_entropy,1.0,sadness,161,161,1.0
m3,mean_entropy,1.0,fear,74,74,1.0
m3,mean_entropy,0.95,love,854,808,0.9461358313817331
m3,mean_entropy,0.95,joy,343,277,0.8075801749271136
m3,mean_entropy,0.95,surprise,31,15,0.4838709677419355
m3,mean_entropy,0.95,anger,618,604,0.9773462783171522
m3,mean_entropy,0.95,sadness,161,147,0.9130434782608695
m3,mean_entropy,0.95,fear,74,71,0.9594594594594594
m3,mean_entropy,0.9,love,854,747,0.8747072599531616
m3,mean_entropy,0.9,joy,343,221,0.6443148688046647
m3,mean_entropy,0.9,surprise,31,13,0.41935483870967744
m3,mean_entropy,0.9,anger,618,585,0.9466019417475728
m3,mean_entropy,0.9,sadness,161,135,0.8385093167701864
m3,mean_entropy,0.9,fear,74,67,0.9054054054054054
m3,mean_entropy,0.8,love,854,627,0.734192037470726
m3,mean_entropy,0.8,joy,343,136,0.3965014577259475
m3,mean_entropy,0.8,surprise,31,12,0.3870967741935484
m3,mean_entropy,0.8,anger,618,557,0.901294498381877
m3,mean_entropy,0.8,sadness,161,112,0.6956521739130435
m3,mean_entropy,0.8,fear,74,52,0.7027027027027027
m3,mean_entropy,0.7,love,854,524,0.6135831381733021
m3,mean_entropy,0.7,joy,343,75,0.21865889212827988
m3,mean_entropy,0.7,surprise,31,11,0.3548387096774194
m3,mean_entropy,0.7,anger,618,514,0.8317152103559871
m3,mean_entropy,0.7,sadness,161,86,0.5341614906832298
m3,mean_entropy,0.7,fear,74,35,0.47297297297297297
m3,mean_entropy,0.6,love,854,407,0.4765807962529274
m3,mean_entropy,0.6,joy,343,35,0.10204081632653061
m3,mean_entropy,0.6,surprise,31,9,0.2903225806451613
m3,mean_entropy,0.6,anger,618,462,0.7475728155339806
m3,mean_entropy,0.6,sadness,161,72,0.4472049689440994
m3,mean_entropy,0.6,fear,74,27,0.36486486486486486
m3,max_entropy,1.0,love,854,854,1.0
m3,max_entropy,1.0,joy,343,343,1.0
m3,max_entropy,1.0,surprise,31,31,1.0
m3,max_entropy,1.0,anger,618,618,1.0
m3,max_entropy,1.0,sadness,161,161,1.0
m3,max_entropy,1.0,fear,74,74,1.0
m3,max_entropy,0.95,love,854,801,0.9379391100702577
m3,max_entropy,0.95,joy,343,293,0.8542274052478134
m3,max_entropy,0.95,surprise,31,28,0.9032258064516129
m3,max_entropy,0.95,anger,618,600,0.970873786407767
m3,max_entropy,0.95,sadness,161,152,0.9440993788819876
m3,max_entropy,0.95,fear,74,66,0.8918918918918919
m3,max_entropy,0.9,love,854,765,0.8957845433255269
m3,max_entropy,0.9,joy,343,254,0.7405247813411079
m3,max_entropy,0.9,surprise,31,27,0.8709677419354839
m3,max_entropy,0.9,anger,618,571,0.9239482200647249
m3,max_entropy,0.9,sadness,161,140,0.8695652173913043
m3,max_entropy,0.9,fear,74,61,0.8243243243243243
m3,max_entropy,0.8,love,854,675,0.7903981264637002
m3,max_entropy,0.8,joy,343,175,0.5102040816326531
m3,max_entropy,0.8,surprise,31,22,0.7096774193548387
m3,max_entropy,0.8,anger,618,514,0.8317152103559871
m3,max_entropy,0.8,sadness,161,120,0.7453416149068323
m3,max_entropy,0.8,fear,74,46,0.6216216216216216
m3,max_entropy,0.7,love,854,573,0.6709601873536299
m3,max_entropy,0.7,joy,343,118,0.34402332361516036
m3,max_entropy,0.7,surprise,31,16,0.5161290322580645
m3,max_entropy,0.7,anger,618,450,0.7281553398058253
m3,max_entropy,0.7,sadness,161,94,0.5838509316770186
m3,max_entropy,0.7,fear,74,41,0.5540540540540541
m3,max_entropy,0.6,love,854,457,0.5351288056206089
m3,max_entropy,0.6,joy,343,60,0.1749271137026239
m3,max_entropy,0.6,surprise,31,10,0.3225806451612903
m3,max_entropy,0.6,anger,618,401,0.6488673139158576
m3,max_entropy,0.6,sadness,161,79,0.4906832298136646
m3,max_entropy,0.6,fear,74,35,0.47297297297297297
m3,margin,1.0,love,854,854,1.0
m3,margin,1.0,joy,343,343,1.0
m3,margin,1.0,surprise,31,31,1.0
m3,margin,1.0,anger,618,618,1.0
m3,margin,1.0,sadness,161,161,1.0
m3,margin,1.0,fear,74,74,1.0
m3,margin,0.95,love,854,807,0.9449648711943794
m3,margin,0.95,joy,343,312,0.9096209912536443
m3,margin,0.95,surprise,31,27,0.8709677419354839
m3,margin,0.95,anger,618,601,0.9724919093851133
m3,margin,0.95,sadness,161,149,0.9254658385093167
m3,margin,0.95,fear,74,71,0.9594594594594594
m3,margin,0.9,love,854,757,0.8864168618266979
m3,margin,0.9,joy,343,283,0.8250728862973761
m3,margin,0.9,surprise,31,26,0.8387096774193549
m3,margin,0.9,anger,618,582,0.941747572815534
m3,margin,0.9,sadness,161,136,0.84472049689441
m3,margin,0.9,fear,74,67,0.9054054054054054
m3,margin,0.8,love,854,655,0.7669789227166276
m3,margin,0.8,joy,343,228,0.6647230320699709
m3,margin,0.8,surprise,31,17,0.5483870967741935
m3,margin,0.8,anger,618,553,0.8948220064724919
m3,margin,0.8,sadness,161,117,0.7267080745341615
m3,margin,0.8,fear,74,61,0.8243243243243243
m3,margin,0.7,love,854,548,0.6416861826697893
m3,margin,0.7,joy,343,168,0.4897959183673469
m3,margin,0.7,surprise,31,14,0.45161290322580644
m3,margin,0.7,anger,618,518,0.8381877022653722
m3,margin,0.7,sadness,161,97,0.6024844720496895
m3,margin,0.7,fear,74,50,0.6756756756756757
m3,margin,0.6,love,854,411,0.4812646370023419
m3,margin,0.6,joy,343,127,0.37026239067055394
m3,margin,0.6,surprise,31,11,0.3548387096774194
m3,margin,0.6,anger,618,477,0.7718446601941747
m3,margin,0.6,sadness,161,82,0.5093167701863354
m3,margin,0.6,fear,74,40,0.5405405405405406
