sample_id,sample_role,source_train_row,example_hash,gold_label_ids,gold_labels,gold_cardinality,rater_count,unclear_count,neutral_votes,max_emotion_votes,same_rater_coselection_count,aggregation_only,derived_labels_match
EXP-035-S001,aggregation_only,41720,8cc37285a0f3e0513066dc3e0badc042e789109fbaa7925c2da65fa6f4c6106e,5|27,caring|neutral,2,5,0,3,2,0,True,True
EXP-035-S002,aggregation_only,6320,7c900e1e15b0d44baf3cb863e1d25fa4d1aa7a99957343d5ee97735c8066769b,25|27,sadness|neutral,2,5,0,2,3,0,True,True
EXP-035-S003,aggregation_only,43383,8f83e3afcf330c0d7c455437108cbdd6af8e2b38cd813557d53ece6352fb0f0e,14|27,fear|neutral,2,5,0,2,2,0,True,True
EXP-035-S004,aggregation_only,34378,9f093f3e680ee5078173c5152df17f9b62bf6f66fd67ecc45213cc44b6f0d369,10|27,disapproval|neutral,2,5,0,2,2,0,True,True
EXP-035-S005,aggregation_only,38899,fa88052a8237d2ef477aa7c3ddfa67abbbc545ff4b7204d134aa7d610165f724,4|27,approval|neutral,2,5,0,3,2,0,True,True
EXP-035-S006,aggregation_only,13769,b983aa67b96aa23549603ee93d58aef69dac2d234a461825e6f016a0d5423893,6|27,confusion|neutral,2,5,0,2,2,0,True,True
EXP-035-S007,aggregation_only,14937,95851ea2c83a22c5972032b99dbda1e0a380f54261c7d3abf9b24f2e70eea3d9,7|27,curiosity|neutral,2,5,0,2,2,0,True,True
EXP-035-S008,aggregation_only,38363,5999a53dbc90144a7271ccde334967b76be62e95283eb3bd6977055ad74903d4,4|27,approval|neutral,2,5,0,2,3,0,True,True
EXP-035-S009,aggregation_only,39482,47bf3f0f65d4592b3d8d108ac02bfbbb4a97c5a903196a6596e1125bbb8b766b,10|27,disapproval|neutral,2,5,0,3,2,0,True,True
EXP-035-S010,aggregation_only,775,67726d4d5f6aa605846a4758ad71c813af696629a12c70e365702514c1f93433,6|22|27,confusion|realization|neutral,3,5,0,2,3,0,True,True
EXP-035-S011,aggregation_only,34834,e04b7ad48c55a56b76d87239fd6c04dff2a30210e3ac955202258a77e492e181,4|27,approval|neutral,2,5,0,2,3,0,True,True
EXP-035-S012,aggregation_only,22807,c9b897cf98dcae5b8af956975a7b94198a1cc9a89b5dc909d28288cd3a51d5f3,4|27,approval|neutral,2,5,0,2,2,0,True,True
EXP-035-S013,aggregation_only,10271,c76eb2685646c26a3804a0cd3135483bae7d9d7865278722c39ee94c5e337885,3|27,annoyance|neutral,2,5,0,2,2,0,True,True
EXP-035-S014,aggregation_only,29279,df05f79a74d1bf46fb59e85edc132976c997e7b8d0819f1fddfb341892b1a51c,7|27,curiosity|neutral,2,5,0,2,2,0,True,True
EXP-035-S015,aggregation_only,27223,7fb90252f7707fe70792e32febabedd205aa0a93cb69042ee9e99f39e7e4beca,10|27,disapproval|neutral,2,5,0,2,3,0,True,True
EXP-035-S016,aggregation_only,28283,a6ad3550b24bcd4efe4045bf84d0d9f37fcd5ae98cbc1648f1324bc90ae899ca,22|27,realization|neutral,2,5,0,2,2,0,True,True
EXP-035-S017,any_unclear,33148,651090e43d2f270a4f1c092525d64798eaf59c9fa83bcaf3ea40f0cc70ab71ff,3|27,annoyance|neutral,2,5,1,2,2,0,True,True
EXP-035-S018,any_unclear,29877,4dcbdf2698af17a6e821cfc51913da20d3e72d46c781f2d569be70cdacdb9fb6,25|27,sadness|neutral,2,5,1,2,2,0,True,True
EXP-035-S019,any_unclear,37391,eeb9b4fe32fc5d250a4ab04f7b9aaec5857df71233ac871d3fa90442eaa42b88,8|27,desire|neutral,2,5,1,2,2,0,True,True
EXP-035-S020,any_unclear,558,463a4d59041bf4ab48caa2a53879a0dda6f083b74945a049f9e243bc0b316e4b,10|27,disapproval|neutral,2,5,1,2,2,0,True,True
EXP-035-S021,any_unclear,32867,aa5148f45421fbd3726c2fd56149388285eb23ec766b5cbc891393c430b845fa,26|27,surprise|neutral,2,5,1,2,2,0,True,True
EXP-035-S022,any_unclear,10049,05d875e76b476ccf6caf4284e84ddad5c383024ca6ec339e573dee5e99fb6c31,17|27,joy|neutral,2,5,1,2,2,0,True,True
EXP-035-S023,any_unclear,12304,d7587399a5e9c3737626084c64649e1a79d6a8b4facaa74960d7769c204e3eb0,4|27,approval|neutral,2,5,1,2,2,0,True,True
EXP-035-S024,any_unclear,24757,39d024259cd9b766b756caf657317d04c4ec0177b292f457c67ef7e1b1e21fb0,25|27,sadness|neutral,2,5,1,2,2,0,True,True
EXP-035-S025,gold_cardinality_at_least_3,28334,dadeff9d4ad05639a25372dce74e5adfb80e5a90d3a145b9caf15fcce8ab060c,6|7|27,confusion|curiosity|neutral,3,5,0,2,2,0,True,True
EXP-035-S026,gold_cardinality_at_least_3,40459,bf754d818d0e9373feb8b57efe0a89fe4b5d915f60fb68a294d8f2f0e3bbb75b,9|25|27,disappointment|sadness|neutral,3,5,0,2,2,0,True,True
EXP-035-S027,gold_cardinality_at_least_3,42702,dcb627184cf4d51cdeff565acb1aac4cab5ab3a26faacd520072efce6f728811,5|14|27,caring|fear|neutral,3,5,0,2,2,0,True,True
EXP-035-S028,gold_cardinality_at_least_3,1539,5a304846aa2c6580603e1f0d71e97ed5e23af5ec1fb607b962e481af969dfdec,4|20|27,approval|optimism|neutral,3,5,0,2,2,0,True,True
EXP-035-S029,residual_fill,23653,efc1df64ec4c8452d0c75c427c10d11de28d8767f660502698568ebee8025158,21|27,pride|neutral,2,5,0,2,2,0,True,True
EXP-035-S030,residual_fill,29863,8771050953d669c7c19400469717b091d243685143a7c552ce3153d301929908,7|27,curiosity|neutral,2,5,0,2,2,0,True,True
EXP-035-S031,residual_fill,28107,e34f65a4a7c9006e766d71784653649fe6846ac142e1d8066c78bdfb9cf2ad88,26|27,surprise|neutral,2,5,0,3,2,0,True,True
EXP-035-S032,residual_fill,32173,5eedd73763fa9c8e5fda7126c31cc8be3a154ae58e78c2817f0c5ad56b2de132,1|27,amusement|neutral,2,5,0,3,2,0,True,True
EXP-035-S033,residual_fill,12432,4e3c44432d269ca1eb64463002a8814e64a92a17fa321303a947e6cc5c1d4723,1|27,amusement|neutral,2,5,0,2,2,0,True,True
EXP-035-S034,residual_fill,42398,ebe756deff1b0cac7394b408fd16661ae70aaf949fa62ea62f3413ed0345a2c8,10|27,disapproval|neutral,2,5,0,2,2,0,True,True
EXP-035-S035,residual_fill,42594,4f8bbdfa0aea8942e98dbdc047135e24bca625e70bdedefc354b51b5fda36553,15|27,gratitude|neutral,2,4,0,2,2,0,True,True
EXP-035-S036,residual_fill,18749,6571afe7ce85352ca931736a56dee02a2688a1fe8238f6c2e63e2cbbad5e7f3d,4|27,approval|neutral,2,5,0,3,2,0,True,True
EXP-035-S037,residual_fill,43168,ff19c0fd1d1dc24a156cc1c359b1ba9f4c1f92b99e55d1955950f24d5294e38c,18|27,love|neutral,2,5,0,2,2,0,True,True
EXP-035-S038,residual_fill,43125,c429bd6c1a73eabc83f05ce35a207f71f53c422cd0a89ef8201c930185c931a1,7|27,curiosity|neutral,2,5,0,2,2,0,True,True
EXP-035-S039,residual_fill,20491,5c6b92882ec2745c7f7c01d02de2208da1d4472355019271e8efdbbf9550c93e,0|27,admiration|neutral,2,5,0,2,2,0,True,True
EXP-035-S040,residual_fill,18856,56cc29ecf237417bf23cccacd18c4dcbe16085823db06a2c5879ec0a96994dcf,4|27,approval|neutral,2,5,0,2,2,0,True,True
EXP-035-S041,residual_fill,40035,7c1979099071334f9455a8f1f9e39ec6dea3f305c918fe335ecc362b00b41a7c,6|27,confusion|neutral,2,5,0,2,2,0,True,True
EXP-035-S042,residual_fill,35091,1c96712f7a42296f3352b0fa6ee93252e8f7c13a388140df801d45c597863461,25|27,sadness|neutral,2,5,0,3,2,0,True,True
EXP-035-S043,residual_fill,4031,f5beb1402cf2efc7bbac7a381de06e96dbd5b88eced90ed66eaed4306ff2dd61,2|27,anger|neutral,2,5,0,2,2,0,True,True
EXP-035-S044,residual_fill,35208,b9883c825f546c9420a672c5bf69c086a0f3c01e140ceea6d5f5e43233e7aa36,8|27,desire|neutral,2,5,0,2,2,0,True,True
EXP-035-S045,residual_fill,17522,b91d0d0c011cc37df29cd41acc6d5298cfb97816395a207e46f5d4496bf2290f,7|27,curiosity|neutral,2,5,0,2,2,0,True,True
EXP-035-S046,residual_fill,30127,36a40dc063963c414110c11835b437e7d4f626b356424946efe872ac8d6cc484,5|27,caring|neutral,2,5,0,2,2,0,True,True
EXP-035-S047,residual_fill,42539,6ab206602432dc7dfd7b0864b0e94a635a77c2e6d7be546b8efcf885a725489b,9|27,disappointment|neutral,2,5,0,2,2,0,True,True
EXP-035-S048,residual_fill,33385,1d04267669ce65ba5b67096b41fa161f42862873f213b358255c7444b5946c48,22|27,realization|neutral,2,5,0,2,2,0,True,True
