row_number,seed,gold_label_id,gold_label,predicted_label_id,predicted_label,probability_anger,probability_joy,probability_optimism,probability_sadness
1,44,0,anger,0,anger,0.996780514717,0.001108366996,0.001141665154,0.000969364133
2,44,0,anger,0,anger,0.996681153774,0.001294663409,0.001177979633,0.000846092124
3,44,0,anger,0,anger,0.995930373669,0.001266996260,0.001060466631,0.001742196386
4,44,0,anger,0,anger,0.996336102486,0.001451064949,0.000856481085,0.001356370514
5,44,0,anger,0,anger,0.996155440807,0.001211970113,0.001685437863,0.000947213382
6,44,0,anger,0,anger,0.996352791786,0.001477068639,0.001310141291,0.000860019936
7,44,3,sadness,3,sadness,0.001106001553,0.002529113321,0.001146030147,0.995218813419
8,44,3,sadness,3,sadness,0.002909883857,0.125541090965,0.007853821851,0.863695144653
9,44,0,anger,3,sadness,0.035084795207,0.064565032721,0.360129326582,0.540220856667
10,44,3,sadness,3,sadness,0.107012704015,0.033334348351,0.003205826972,0.856447100639
11,44,1,joy,1,joy,0.001883747987,0.995230972767,0.001380854752,0.001504423562
12,44,0,anger,0,anger,0.996824502945,0.000970810826,0.001321993535,0.000882700027
13,44,0,anger,0,anger,0.988459408283,0.001207721769,0.006268238183,0.004064672161
14,44,3,sadness,3,sadness,0.002174258698,0.001386249904,0.000984078855,0.995455384254
15,44,3,sadness,3,sadness,0.001823710394,0.004886128008,0.000881265791,0.992408871651
16,44,0,anger,2,optimism,0.011939568445,0.005473869853,0.572332084179,0.410254538059
17,44,0,anger,0,anger,0.996615946293,0.001396080479,0.001130383112,0.000857483887
18,44,3,sadness,3,sadness,0.002260399284,0.001549061853,0.001088745426,0.995101809502
19,44,3,sadness,3,sadness,0.001322076889,0.001318978146,0.001385329640,0.995973646641
20,44,0,anger,0,anger,0.908822119236,0.002476042137,0.028338618577,0.060363311321
21,44,3,sadness,3,sadness,0.001584136975,0.002271666890,0.000938438985,0.995205700397
22,44,1,joy,1,joy,0.002662502462,0.988089501858,0.007256912068,0.001991131110
23,44,2,optimism,2,optimism,0.014761227183,0.003074603155,0.974282920361,0.007881228812
24,44,3,sadness,3,sadness,0.191996291280,0.005529848859,0.029190592468,0.773283302784
25,44,3,sadness,3,sadness,0.297037124634,0.001919872593,0.002786933677,0.698256075382
26,44,3,sadness,3,sadness,0.001225844258,0.002154176822,0.000961209997,0.995658755302
27,44,0,anger,3,sadness,0.011842526495,0.006798123475,0.004603256937,0.976756095886
28,44,1,joy,1,joy,0.001574222231,0.993741452694,0.001787802554,0.002896385035
29,44,0,anger,0,anger,0.994296371937,0.002335831057,0.000886921887,0.002480786527
30,44,0,anger,0,anger,0.996641159058,0.000884548994,0.001011614455,0.001462681452
31,44,0,anger,0,anger,0.988797843456,0.001232061186,0.001519403188,0.008450786583
32,44,3,sadness,3,sadness,0.001058506896,0.003698383691,0.002331975382,0.992911159992
33,44,0,anger,2,optimism,0.016705881804,0.001939555979,0.955819904804,0.025534681976
34,44,3,sadness,3,sadness,0.045240778476,0.005502151325,0.001404042356,0.947852969170
35,44,2,optimism,1,joy,0.001966969576,0.990738213062,0.006053734105,0.001241155667
36,44,1,joy,1,joy,0.002315635094,0.993229150772,0.001569666783,0.002885628957
37,44,1,joy,1,joy,0.001555716735,0.995233476162,0.001247459091,0.001963274553
38,44,0,anger,0,anger,0.988672137260,0.000940895581,0.001012973720,0.009373976849
39,44,2,optimism,2,optimism,0.002636938589,0.003703123890,0.989871561527,0.003788474249
40,44,1,joy,1,joy,0.001736292383,0.994556546211,0.001383101451,0.002324011875
41,44,1,joy,0,anger,0.727988123894,0.005781603511,0.002725392813,0.263504862785
42,44,3,sadness,2,optimism,0.008172135800,0.003795839380,0.847267210484,0.140764847398
43,44,1,joy,1,joy,0.001988850767,0.994229674339,0.001576245064,0.002205238445
44,44,0,anger,0,anger,0.996563494205,0.001286114100,0.001191391493,0.000958915392
45,44,1,joy,1,joy,0.002107335953,0.992031455040,0.003700664965,0.002160482574
46,44,1,joy,1,joy,0.001459496329,0.991122961044,0.003798081540,0.003619393567
47,44,3,sadness,3,sadness,0.001165248803,0.001603725250,0.001322763041,0.995908260345
48,44,0,anger,3,sadness,0.002107997891,0.001748438575,0.001695415936,0.994448184967
49,44,0,anger,0,anger,0.996632635593,0.001131780562,0.001289890264,0.000945746782
50,44,0,anger,0,anger,0.995794296265,0.001141653745,0.000897822203,0.002166341757
51,44,2,optimism,3,sadness,0.007426606491,0.265444695950,0.022419139743,0.704709529877
52,44,1,joy,1,joy,0.002851479920,0.988040924072,0.006613268051,0.002494335407
53,44,1,joy,1,joy,0.012949754484,0.612765073776,0.312146961689,0.062138255686
54,44,3,sadness,3,sadness,0.007820687257,0.002232915722,0.006034483667,0.983911931515
55,44,0,anger,0,anger,0.843305945396,0.003662373172,0.001971330028,0.151060372591
56,44,0,anger,3,sadness,0.020556548610,0.004925330169,0.005948750302,0.968569397926
57,44,0,anger,3,sadness,0.021453518420,0.003719256725,0.002876200015,0.971951007843
58,44,0,anger,0,anger,0.996294677258,0.000667869579,0.001340970281,0.001696531312
59,44,1,joy,1,joy,0.001564890845,0.994774937630,0.002177956980,0.001482245512
60,44,1,joy,1,joy,0.013895139098,0.960383951664,0.002215995453,0.023504950106
61,44,3,sadness,3,sadness,0.004582040943,0.002227801364,0.000826603733,0.992363572121
62,44,2,optimism,2,optimism,0.003333720146,0.003822285682,0.986896097660,0.005947934464
63,44,3,sadness,1,joy,0.001600188203,0.989573299885,0.006760251708,0.002066227607
64,44,1,joy,1,joy,0.001273573260,0.995231688023,0.002113856841,0.001380851725
65,44,3,sadness,3,sadness,0.185434058309,0.007863530889,0.001728357282,0.804974019527
66,44,0,anger,0,anger,0.996354699135,0.001369435107,0.001103206421,0.001172661548
67,44,0,anger,0,anger,0.995475828648,0.000908103655,0.002181989141,0.001434159814
68,44,0,anger,0,anger,0.990783333778,0.004045798909,0.001365337404,0.003805502085
69,44,3,sadness,3,sadness,0.002584619680,0.001674916712,0.000930518145,0.994809985161
70,44,0,anger,0,anger,0.996510326862,0.000887929171,0.001184278284,0.001417447464
71,44,0,anger,0,anger,0.994686365128,0.001689975848,0.000853613543,0.002770040883
72,44,0,anger,0,anger,0.996176600456,0.001645522425,0.001017331844,0.001160427579
73,44,1,joy,3,sadness,0.440047472715,0.050731230527,0.012427851558,0.496793448925
74,44,2,optimism,2,optimism,0.002508239588,0.004405035172,0.989187777042,0.003898904426
75,44,1,joy,1,joy,0.003124148818,0.993109583855,0.001776533318,0.001989695011
76,44,0,anger,0,anger,0.990064084530,0.002895821584,0.000948481495,0.006091597024
77,44,1,joy,1,joy,0.001378478948,0.995371878147,0.001359399757,0.001890347921
78,44,0,anger,0,anger,0.996366143227,0.001312487409,0.001043821219,0.001277561532
79,44,1,joy,1,joy,0.001840063836,0.994528114796,0.001894972753,0.001736756996
80,44,0,anger,0,anger,0.986307203770,0.001144376351,0.001226439374,0.011321922764
81,44,3,sadness,3,sadness,0.001806022949,0.002248852048,0.007481999695,0.988463103771
82,44,0,anger,0,anger,0.986058533192,0.001176725724,0.010906337760,0.001858273521
83,44,0,anger,0,anger,0.996452808380,0.001414793660,0.001100082183,0.001032407046
84,44,1,joy,1,joy,0.008449660614,0.851931989193,0.031166223809,0.108452193439
85,44,0,anger,0,anger,0.996526777744,0.001196366968,0.001419737004,0.000857112871
86,44,0,anger,0,anger,0.996711134911,0.001137497253,0.000982802827,0.001168490970
87,44,3,sadness,1,joy,0.002166006714,0.991906285286,0.001637439942,0.004290281329
88,44,0,anger,0,anger,0.987298429012,0.002476888243,0.001270226203,0.008954364806
89,44,3,sadness,3,sadness,0.001718769548,0.001436908380,0.001579508302,0.995264768600
90,44,3,sadness,3,sadness,0.001010138658,0.002271588892,0.001706592739,0.995011687279
91,44,0,anger,0,anger,0.782692909241,0.009305243380,0.002058870625,0.205943033099
92,44,1,joy,3,sadness,0.007588984910,0.077425107360,0.093276858330,0.821709096432
93,44,3,sadness,1,joy,0.007475053892,0.696786224842,0.201231390238,0.094507344067
94,44,1,joy,1,joy,0.001478847582,0.995072782040,0.001708567957,0.001739838975
95,44,0,anger,0,anger,0.993763744831,0.001031789812,0.000954853604,0.004249558784
96,44,1,joy,1,joy,0.006385742687,0.894116401672,0.016019612551,0.083478324115
97,44,3,sadness,3,sadness,0.001663589617,0.001654445427,0.000835288432,0.995846688747
98,44,2,optimism,2,optimism,0.002992740832,0.003754411126,0.989422619343,0.003830213100
99,44,0,anger,0,anger,0.993595957756,0.000799064175,0.001032488304,0.004572457168
100,44,2,optimism,1,joy,0.005099354312,0.946852684021,0.026104902849,0.021943127736
101,44,2,optimism,2,optimism,0.004089827184,0.003920133691,0.984533250332,0.007456874009
102,44,1,joy,1,joy,0.010720768012,0.920404076576,0.002364548389,0.066510550678
103,44,1,joy,3,sadness,0.017923794687,0.350588977337,0.006051764823,0.625435471535
104,44,1,joy,1,joy,0.002865400165,0.993378221989,0.001552945469,0.002203396056
105,44,3,sadness,3,sadness,0.001149431104,0.001588756684,0.001326920581,0.995934844017
106,44,3,sadness,3,sadness,0.009740262292,0.149328887463,0.002735107439,0.838195800781
107,44,0,anger,3,sadness,0.007168102078,0.001918722643,0.001000193413,0.989912986755
108,44,0,anger,0,anger,0.996300816536,0.000946485205,0.001286685816,0.001465970068
109,44,1,joy,1,joy,0.001452366938,0.994736731052,0.001326450263,0.002484427299
110,44,3,sadness,3,sadness,0.001169848256,0.001974540064,0.001201156294,0.995654463768
111,44,1,joy,1,joy,0.001456380938,0.995048940182,0.001905544428,0.001589174732
112,44,0,anger,0,anger,0.976648986340,0.002608341631,0.001288264059,0.019454428926
113,44,1,joy,1,joy,0.009711582214,0.917080342770,0.057430125773,0.015777951106
114,44,1,joy,3,sadness,0.070884302258,0.032172396779,0.001761928434,0.895181417465
115,44,3,sadness,3,sadness,0.001227005152,0.003025044687,0.001744267065,0.994003713131
116,44,1,joy,1,joy,0.001772110700,0.994432508945,0.001169101801,0.002626293339
117,44,1,joy,0,anger,0.972326159477,0.021978149191,0.001376383821,0.004319248721
118,44,0,anger,1,joy,0.004851969890,0.983016550541,0.003068632446,0.009062914178
119,44,1,joy,3,sadness,0.014450117014,0.358150273561,0.025183517486,0.602216005325
120,44,1,joy,1,joy,0.058816187084,0.890354096889,0.025391621515,0.025438115001
121,44,0,anger,0,anger,0.995206058025,0.002065374050,0.000770490209,0.001958096400
122,44,0,anger,0,anger,0.996193885803,0.001206133398,0.001207131078,0.001392844017
123,44,0,anger,1,joy,0.022114414722,0.973167002201,0.002486194717,0.002232447965
124,44,0,anger,0,anger,0.992241740227,0.002479335293,0.000750160951,0.004528705031
125,44,0,anger,0,anger,0.996367216110,0.001467688358,0.001085634925,0.001079427660
126,44,3,sadness,2,optimism,0.006436708849,0.005375400186,0.951194167137,0.036993768066
127,44,1,joy,1,joy,0.002358168829,0.977712154388,0.017139846459,0.002789770951
128,44,0,anger,0,anger,0.996615707874,0.001220474136,0.001235989504,0.000927883608
129,44,0,anger,0,anger,0.996008396149,0.001465727109,0.000910509960,0.001615253277
130,44,3,sadness,0,anger,0.996168911457,0.001104075811,0.001117183012,0.001609763945
131,44,0,anger,0,anger,0.994857072830,0.002494193614,0.001409565448,0.001239152509
132,44,1,joy,1,joy,0.001354394015,0.995173633099,0.001315749250,0.002156213857
133,44,0,anger,0,anger,0.996205806732,0.001064013690,0.001325950027,0.001404135255
134,44,0,anger,0,anger,0.995157539845,0.001437670551,0.000959867146,0.002444914076
135,44,0,anger,0,anger,0.996433854103,0.000818860019,0.001068334561,0.001678876695
136,44,2,optimism,2,optimism,0.015255919658,0.003744689981,0.974678695202,0.006320725661
137,44,0,anger,0,anger,0.996629893780,0.001300978241,0.001139624510,0.000929555797
138,44,3,sadness,3,sadness,0.001324200770,0.002164690755,0.001023933641,0.995487153530
139,44,3,sadness,3,sadness,0.001206727116,0.003430437529,0.001171988901,0.994190871716
140,44,0,anger,0,anger,0.996800422668,0.000996212591,0.001129372045,0.001073974534
141,44,1,joy,2,optimism,0.004002181347,0.005554202944,0.978334844112,0.012108764611
142,44,0,anger,0,anger,0.996563374996,0.000804280164,0.001477716956,0.001154557802
143,44,0,anger,0,anger,0.994065165520,0.002547190990,0.000902753556,0.002484835684
144,44,0,anger,0,anger,0.996004045010,0.001850576140,0.001017760602,0.001127620810
145,44,0,anger,0,anger,0.994486868382,0.002219108865,0.000940910773,0.002353099408
146,44,2,optimism,3,sadness,0.005876705516,0.042601432651,0.026612255722,0.924909591675
147,44,3,sadness,3,sadness,0.001510372502,0.002121282276,0.001874413458,0.994493901730
148,44,0,anger,0,anger,0.996339917183,0.001521129394,0.000977954012,0.001160971471
149,44,1,joy,3,sadness,0.002348755952,0.010694408789,0.005501659121,0.981455147266
150,44,1,joy,1,joy,0.001817416283,0.991938412189,0.003962245770,0.002282009693
151,44,1,joy,1,joy,0.001516144024,0.995377540588,0.001684461487,0.001421831781
152,44,3,sadness,3,sadness,0.001230058610,0.001683549141,0.001306825667,0.995779514313
153,44,0,anger,0,anger,0.996603727341,0.001190855866,0.000966471678,0.001238890109
154,44,3,sadness,3,sadness,0.001078540459,0.001997229410,0.001230227994,0.995693922043
155,44,2,optimism,2,optimism,0.003356502391,0.004257722292,0.989006996155,0.003378744237
156,44,1,joy,1,joy,0.001182595617,0.995266795158,0.001358098583,0.002192413667
157,44,0,anger,0,anger,0.979250431061,0.006378360093,0.001558976946,0.012812170200
158,44,2,optimism,0,anger,0.992872953415,0.000904722197,0.002374378033,0.003847882850
159,44,3,sadness,3,sadness,0.002364073647,0.002107099863,0.000764590688,0.994764208794
160,44,0,anger,0,anger,0.996522068977,0.001453796052,0.001131796977,0.000892397773
161,44,0,anger,0,anger,0.976395249367,0.001331455540,0.019689332694,0.002584033413
162,44,2,optimism,2,optimism,0.004411729053,0.383044838905,0.591723740101,0.020819742233
163,44,0,anger,0,anger,0.943178951740,0.001835366129,0.003660159651,0.051325567067
164,44,1,joy,1,joy,0.001579271397,0.994531095028,0.001275205519,0.002614474157
165,44,1,joy,0,anger,0.966043293476,0.017652254552,0.001161451219,0.015143015422
166,44,1,joy,0,anger,0.995088994503,0.001517717843,0.000931208779,0.002462160541
167,44,3,sadness,0,anger,0.618062198162,0.073714472353,0.002519068774,0.305704236031
168,44,1,joy,1,joy,0.001635177876,0.995039403439,0.001201656996,0.002123848768
169,44,1,joy,1,joy,0.002051274758,0.994666576385,0.001253435505,0.002028648509
170,44,0,anger,2,optimism,0.140246823430,0.007732912898,0.763120532036,0.088899776340
171,44,3,sadness,3,sadness,0.001317587099,0.001593610155,0.001652992563,0.995435774326
172,44,0,anger,0,anger,0.996376812458,0.001384980162,0.000966437801,0.001271762187
173,44,1,joy,2,optimism,0.003146472620,0.046530663967,0.945217013359,0.005105904769
174,44,0,anger,0,anger,0.988729417324,0.006813519634,0.001640687813,0.002816390013
175,44,0,anger,0,anger,0.996312201023,0.001195231918,0.000905018591,0.001587609760
176,44,2,optimism,1,joy,0.002418369753,0.960636913776,0.033589225262,0.003355446970
177,44,0,anger,0,anger,0.996511399746,0.001343643991,0.001202863292,0.000941993145
178,44,1,joy,1,joy,0.001911491505,0.986111760139,0.007641238626,0.004335470498
179,44,1,joy,1,joy,0.001548897708,0.994724094868,0.001714530634,0.002012455603
180,44,0,anger,2,optimism,0.048325553536,0.004079124425,0.941316604614,0.006278718356
181,44,0,anger,0,anger,0.996105194092,0.001609037863,0.000964832259,0.001321025542
182,44,3,sadness,3,sadness,0.061860591173,0.014682704583,0.214487761259,0.708968877792
183,44,0,anger,0,anger,0.994162499905,0.000993645750,0.001322558499,0.003521230305
184,44,0,anger,0,anger,0.996332764626,0.001232535578,0.001328355516,0.001106400392
185,44,2,optimism,2,optimism,0.002718521515,0.005202266853,0.988439679146,0.003639534349
186,44,1,joy,1,joy,0.022384939715,0.972776055336,0.001558106393,0.003280807752
187,44,1,joy,2,optimism,0.014994246885,0.057782717049,0.508740007877,0.418483048677
188,44,0,anger,0,anger,0.995925188065,0.001356744906,0.001598842093,0.001119208988
189,44,0,anger,0,anger,0.996725440025,0.001237797202,0.001011478715,0.001025148667
190,44,0,anger,0,anger,0.995733082294,0.000918331498,0.001707249554,0.001641249401
191,44,1,joy,1,joy,0.001643907046,0.995024979115,0.001523292158,0.001807814115
192,44,3,sadness,2,optimism,0.004247836303,0.004817250185,0.985504567623,0.005430369172
193,44,3,sadness,3,sadness,0.001210059039,0.001612896682,0.001757278107,0.995419740677
194,44,0,anger,0,anger,0.996770918369,0.001079068403,0.001189243048,0.000960838050
195,44,3,sadness,0,anger,0.961528480053,0.003697834676,0.001116781961,0.033656939864
196,44,1,joy,1,joy,0.008077891544,0.871228754520,0.037851255387,0.082842104137
197,44,2,optimism,1,joy,0.082268424332,0.625187218189,0.008715726435,0.283828675747
198,44,0,anger,0,anger,0.992994725704,0.002045224188,0.002214415930,0.002745551988
199,44,1,joy,1,joy,0.001576674404,0.995257675648,0.001262523816,0.001903130556
200,44,0,anger,0,anger,0.995035648346,0.002724210266,0.001012704219,0.001227491535
201,44,0,anger,0,anger,0.996447026730,0.000825336203,0.001744541107,0.000983161037
202,44,1,joy,3,sadness,0.001018319745,0.007687333971,0.002343660453,0.988950669765
203,44,0,anger,0,anger,0.996646583080,0.001105154632,0.001345653669,0.000902556814
204,44,3,sadness,3,sadness,0.015119422227,0.002351008123,0.001344906981,0.981184661388
205,44,0,anger,0,anger,0.996441662312,0.001446284121,0.001090749865,0.001021192758
206,44,0,anger,2,optimism,0.106169722974,0.062506660819,0.711983740330,0.119339890778
207,44,1,joy,1,joy,0.004037788138,0.986225008965,0.004376359284,0.005360882264
208,44,1,joy,1,joy,0.003154149977,0.993421614170,0.001406099414,0.002018232131
209,44,0,anger,0,anger,0.991580188274,0.001213871641,0.005511322059,0.001694569713
210,44,1,joy,1,joy,0.002027006354,0.991838037968,0.001515560201,0.004619350657
211,44,0,anger,0,anger,0.818650126457,0.002076878212,0.003598148236,0.175674825907
212,44,0,anger,0,anger,0.996030986309,0.001601433149,0.000959464815,0.001408054726
213,44,3,sadness,3,sadness,0.004985726438,0.005999404471,0.090292915702,0.898721992970
214,44,1,joy,1,joy,0.001595036942,0.994994759560,0.001597030903,0.001813217881
215,44,2,optimism,2,optimism,0.009331153706,0.022366371006,0.918834626675,0.049467872828
216,44,1,joy,1,joy,0.001522755716,0.994562208652,0.002335242694,0.001579710282
217,44,3,sadness,3,sadness,0.001087554730,0.001626904123,0.001570779248,0.995714724064
218,44,2,optimism,2,optimism,0.002923524706,0.006824790500,0.984803438187,0.005448241252
219,44,2,optimism,2,optimism,0.002208054764,0.003833613358,0.990266978741,0.003691429039
220,44,2,optimism,2,optimism,0.053098060191,0.017311982810,0.866611778736,0.062978178263
221,44,0,anger,0,anger,0.995883345604,0.001005608821,0.001014331356,0.002096682321
222,44,2,optimism,1,joy,0.029497677460,0.493213742971,0.400454640388,0.076833911240
223,44,3,sadness,3,sadness,0.001186495065,0.002183036180,0.001085743657,0.995544731617
224,44,3,sadness,3,sadness,0.001165230293,0.002214460168,0.001125712646,0.995494604111
225,44,1,joy,1,joy,0.001648522913,0.993337512016,0.002014871920,0.002999094548
226,44,1,joy,1,joy,0.023845013231,0.961810231209,0.001762661268,0.012582098134
227,44,0,anger,0,anger,0.994896709919,0.001722442918,0.000863688590,0.002517166547
228,44,3,sadness,3,sadness,0.001442992128,0.001448846306,0.001301535405,0.995806574821
229,44,0,anger,0,anger,0.993650376797,0.001025362755,0.001075590029,0.004248740152
230,44,3,sadness,0,anger,0.768201470375,0.002242668066,0.003495901357,0.226059913635
231,44,0,anger,0,anger,0.990412771702,0.003156086896,0.000950257236,0.005480961408
232,44,3,sadness,3,sadness,0.001141739893,0.001684979652,0.001568743028,0.995604515076
233,44,0,anger,0,anger,0.996608734131,0.001260385383,0.001042358694,0.001088486984
234,44,0,anger,0,anger,0.996026515961,0.001319126808,0.001103143324,0.001551132766
235,44,0,anger,0,anger,0.985385477543,0.001565461978,0.001300845761,0.011748251505
236,44,3,sadness,3,sadness,0.001581152785,0.001403895090,0.001112456084,0.995902478695
237,44,0,anger,0,anger,0.995708703995,0.001365490840,0.001394631458,0.001531158807
238,44,3,sadness,3,sadness,0.001758827362,0.004737482406,0.001824247069,0.991679370403
239,44,0,anger,0,anger,0.995144248009,0.002223960357,0.000808871700,0.001822959632
240,44,1,joy,1,joy,0.001198498067,0.995541393757,0.001637683134,0.001622393727
241,44,1,joy,3,sadness,0.135955423117,0.017470818013,0.004964316264,0.841609418392
242,44,1,joy,3,sadness,0.001496596728,0.004789520521,0.001356065506,0.992357790470
243,44,3,sadness,3,sadness,0.461852520704,0.003428536234,0.002796149114,0.531922817230
244,44,0,anger,1,joy,0.007365858182,0.988196909428,0.002196920803,0.002240409376
245,44,3,sadness,3,sadness,0.001378727960,0.001264280640,0.001349525759,0.996007502079
246,44,3,sadness,0,anger,0.955534636974,0.006997727323,0.001225096756,0.036242540926
247,44,3,sadness,1,joy,0.013845253736,0.708589375019,0.011502801441,0.266062617302
248,44,1,joy,1,joy,0.007613820489,0.920615911484,0.014011400752,0.057758871466
249,44,1,joy,3,sadness,0.004510605242,0.195257052779,0.003807620611,0.796424746513
250,44,3,sadness,3,sadness,0.001229983987,0.002123228274,0.002002094407,0.994644761086
251,44,1,joy,1,joy,0.001441137400,0.995122015476,0.001535013551,0.001901886077
252,44,0,anger,0,anger,0.996445477009,0.001451698365,0.001136216917,0.000966709456
253,44,3,sadness,3,sadness,0.002712768735,0.002302944660,0.000879827247,0.994104444981
254,44,0,anger,0,anger,0.996693253517,0.001233115094,0.001225655433,0.000848016061
255,44,1,joy,1,joy,0.001408602810,0.993714153767,0.002803710755,0.002073523588
256,44,3,sadness,3,sadness,0.001201462117,0.003397197463,0.001229914022,0.994171440601
257,44,3,sadness,3,sadness,0.002380914986,0.001841937075,0.000829333847,0.994947791100
258,44,1,joy,1,joy,0.001470575924,0.995156824589,0.001294219051,0.002078311052
259,44,1,joy,1,joy,0.006165010389,0.890571773052,0.093089975417,0.010173272341
260,44,3,sadness,0,anger,0.990531027317,0.001405415009,0.000809308665,0.007254326716
261,44,1,joy,1,joy,0.001800523605,0.989237546921,0.001471722615,0.007490261458
262,44,0,anger,0,anger,0.996748685837,0.001126970630,0.001019840012,0.001104473369
263,44,2,optimism,3,sadness,0.017877876759,0.008189448155,0.002214525361,0.971718192101
264,44,1,joy,2,optimism,0.017260173336,0.006112531759,0.949603438377,0.027023809031
265,44,0,anger,0,anger,0.995998144150,0.001721785520,0.000924554013,0.001355558052
266,44,2,optimism,1,joy,0.002061784035,0.983121812344,0.012249321677,0.002567124786
267,44,1,joy,1,joy,0.001678063767,0.993586361408,0.003120092675,0.001615596702
268,44,1,joy,1,joy,0.007604583632,0.980040192604,0.001721716835,0.010633508675
269,44,0,anger,1,joy,0.002744174097,0.993279993534,0.001879298594,0.002096486045
270,44,1,joy,1,joy,0.002516604261,0.994019746780,0.001527655870,0.001936009037
271,44,0,anger,0,anger,0.995917260647,0.001720020315,0.000887486211,0.001475202735
272,44,0,anger,0,anger,0.996667921543,0.000963093597,0.001369824400,0.000999207026
273,44,1,joy,1,joy,0.009584886953,0.985577762127,0.001220515696,0.003616936272
274,44,1,joy,3,sadness,0.001593234600,0.007399082649,0.002002359368,0.989005386829
275,44,0,anger,0,anger,0.995217800140,0.000980049488,0.001800267491,0.002001906978
276,44,3,sadness,3,sadness,0.001219598693,0.001740634209,0.001165076159,0.995874702930
277,44,1,joy,0,anger,0.967816114426,0.013281632215,0.001024615020,0.017877703533
278,44,3,sadness,0,anger,0.987660109997,0.001077844994,0.001168828108,0.010093177669
279,44,0,anger,2,optimism,0.110370129347,0.052690654993,0.736490905285,0.100448310375
280,44,0,anger,0,anger,0.994575381279,0.000998015283,0.001012597466,0.003413951024
281,44,1,joy,1,joy,0.001720303204,0.993492543697,0.001723983791,0.003063203068
282,44,0,anger,0,anger,0.990723311901,0.000858533138,0.002224653726,0.006193594541
283,44,3,sadness,2,optimism,0.006887492724,0.004450182896,0.981652140617,0.007010247093
284,44,1,joy,1,joy,0.001698851469,0.995177507401,0.001156226266,0.001967435703
285,44,1,joy,1,joy,0.001812914736,0.982262611389,0.012257450260,0.003667114303
286,44,0,anger,0,anger,0.863762021065,0.106909364462,0.001799035701,0.027529563755
287,44,0,anger,0,anger,0.996551156044,0.001163447858,0.001354191103,0.000931262213
288,44,3,sadness,0,anger,0.994869351387,0.001805408043,0.001317914692,0.002007425996
289,44,3,sadness,3,sadness,0.001167206443,0.001802959829,0.002296067774,0.994733810425
290,44,0,anger,0,anger,0.996186077595,0.001178736449,0.001636815490,0.000998350093
291,44,0,anger,0,anger,0.993744909763,0.001120150089,0.000939164776,0.004195704591
292,44,0,anger,0,anger,0.992572128773,0.000908790622,0.004730877466,0.001788169728
293,44,0,anger,0,anger,0.996806740761,0.001065770979,0.001218109508,0.000909443945
294,44,0,anger,3,sadness,0.004922079388,0.003301538294,0.001171709271,0.990604698658
295,44,0,anger,0,anger,0.996412098408,0.001422632486,0.001217639423,0.000947671128
296,44,1,joy,3,sadness,0.012292341329,0.075392305851,0.001541370526,0.910773992538
297,44,3,sadness,3,sadness,0.012144133449,0.001673955121,0.001089501311,0.985092461109
298,44,0,anger,0,anger,0.996319055557,0.001096746069,0.001722202403,0.000862010755
299,44,3,sadness,3,sadness,0.001209063805,0.003888177453,0.001041296986,0.993861436844
300,44,0,anger,0,anger,0.996444642544,0.001426107483,0.001243450795,0.000885768619
301,44,0,anger,0,anger,0.996373236179,0.001422979985,0.001141731627,0.001062085154
302,44,0,anger,1,joy,0.013120791875,0.980585277081,0.002695993520,0.003597977804
303,44,1,joy,1,joy,0.003763783956,0.991099417210,0.003417123109,0.001719717868
304,44,1,joy,1,joy,0.001265381579,0.992037057877,0.005131398328,0.001566152554
305,44,0,anger,0,anger,0.995147764683,0.000959051133,0.001265837578,0.002627394162
306,44,3,sadness,3,sadness,0.009777134284,0.003132460872,0.123508051038,0.863582313061
307,44,3,sadness,1,joy,0.003062682459,0.977266788483,0.002754343441,0.016916133463
308,44,0,anger,0,anger,0.996337532997,0.001341340132,0.000962976832,0.001358148991
309,44,0,anger,0,anger,0.991183996201,0.002132180380,0.001116896514,0.005566914100
310,44,0,anger,0,anger,0.995057225227,0.001729739713,0.000720736571,0.002492297208
311,44,2,optimism,3,sadness,0.027156302705,0.005700813141,0.091338872910,0.875803947449
312,44,1,joy,1,joy,0.001198721700,0.995561957359,0.001651780563,0.001587552368
313,44,3,sadness,3,sadness,0.002000520937,0.001652006060,0.004489421379,0.991858065128
314,44,0,anger,0,anger,0.996416330338,0.001052304870,0.001350337290,0.001181092579
315,44,0,anger,0,anger,0.976482987404,0.006818767171,0.000938552490,0.015759635717
316,44,0,anger,0,anger,0.929267048836,0.001233709627,0.016014613211,0.053484600037
317,44,0,anger,0,anger,0.886158049107,0.002582303714,0.005510314833,0.105749264359
318,44,3,sadness,3,sadness,0.001251621172,0.003197748447,0.000892112555,0.994658529758
319,44,1,joy,2,optimism,0.008989308961,0.009628639556,0.939716935158,0.041665069759
320,44,0,anger,0,anger,0.996722519398,0.000954469724,0.001091302955,0.001231670845
321,44,3,sadness,3,sadness,0.001162368222,0.001555722323,0.001422457746,0.995859444141
322,44,3,sadness,3,sadness,0.009753417224,0.003811053233,0.012423497625,0.974012076855
323,44,0,anger,0,anger,0.990581393242,0.002153538400,0.002220742404,0.005044249818
324,44,1,joy,1,joy,0.002011557342,0.993996620178,0.001360845636,0.002630863804
325,44,0,anger,0,anger,0.995132148266,0.000801248068,0.001623326098,0.002443280770
326,44,3,sadness,3,sadness,0.025344833732,0.007827339694,0.003310131375,0.963517725468
327,44,0,anger,2,optimism,0.008439226076,0.009924758226,0.943584620953,0.038051299751
328,44,0,anger,0,anger,0.994500517845,0.001256178832,0.001589280670,0.002653999953
329,44,3,sadness,3,sadness,0.001251725713,0.001846036757,0.001280241762,0.995621979237
330,44,0,anger,0,anger,0.996409833431,0.000829428551,0.001651889528,0.001108832657
331,44,0,anger,0,anger,0.898735165596,0.090444646776,0.003266477492,0.007553593721
332,44,1,joy,1,joy,0.002982223639,0.990697383881,0.000945886830,0.005374459550
333,44,0,anger,0,anger,0.995861351490,0.001063359668,0.001301921555,0.001773326425
334,44,1,joy,1,joy,0.001461602980,0.994499683380,0.001653429237,0.002385220956
335,44,1,joy,3,sadness,0.005195482634,0.254276305437,0.052969127893,0.687559127808
336,44,3,sadness,3,sadness,0.001208320376,0.001430858858,0.001664005453,0.995696783066
337,44,3,sadness,3,sadness,0.002252725651,0.001972662751,0.006156785879,0.989617764950
338,44,0,anger,0,anger,0.746361315250,0.002358981408,0.214905649424,0.036374103278
339,44,0,anger,0,anger,0.996378481388,0.001165141468,0.001133161481,0.001323275268
340,44,2,optimism,0,anger,0.973896503448,0.002565597650,0.006294575054,0.017243269831
341,44,3,sadness,3,sadness,0.109506025910,0.010731627233,0.001148904790,0.878613471985
342,44,0,anger,0,anger,0.991650104523,0.001500926679,0.001611839514,0.005237163045
343,44,0,anger,0,anger,0.995166659355,0.001143867616,0.002406337997,0.001283128047
344,44,0,anger,0,anger,0.996473848820,0.001233795076,0.001152591081,0.001139723230
345,44,0,anger,0,anger,0.996733903885,0.000836168590,0.001253343537,0.001176718040
346,44,3,sadness,3,sadness,0.003029240994,0.003488756949,0.000885479036,0.992596507072
347,44,3,sadness,2,optimism,0.317038923502,0.004582369700,0.638074159622,0.040304508060
348,44,0,anger,0,anger,0.995949149132,0.001940864138,0.001049213228,0.001060831128
349,44,3,sadness,3,sadness,0.001832487993,0.001630073064,0.003099141875,0.993438303471
350,44,0,anger,0,anger,0.994750440121,0.000686073443,0.001452615485,0.003110844409
351,44,3,sadness,3,sadness,0.005043741316,0.001579499920,0.000829055847,0.992547690868
352,44,3,sadness,3,sadness,0.042859297246,0.011252054013,0.001354131149,0.944534480572
353,44,0,anger,0,anger,0.996616303921,0.001342229196,0.001100656693,0.000940871192
354,44,1,joy,1,joy,0.002036954276,0.992851138115,0.001262220903,0.003849699628
355,44,0,anger,0,anger,0.959176421165,0.001339710783,0.001714940183,0.037768844515
356,44,3,sadness,3,sadness,0.001114228158,0.001774293720,0.001304922742,0.995806574821
357,44,2,optimism,2,optimism,0.003118120367,0.004419064615,0.988487362862,0.003975508735
358,44,0,anger,1,joy,0.002138205571,0.994205415249,0.001375993947,0.002280356828
359,44,0,anger,3,sadness,0.006445761770,0.002309998265,0.001977968263,0.989266276360
360,44,1,joy,1,joy,0.001690132078,0.994834303856,0.001360898023,0.002114814008
361,44,1,joy,2,optimism,0.002950394759,0.009301859885,0.983790934086,0.003956796136
362,44,1,joy,0,anger,0.537079155445,0.013373085298,0.003139506560,0.446408271790
363,44,0,anger,0,anger,0.995648682117,0.001370093669,0.000901096500,0.002080213046
364,44,1,joy,1,joy,0.001451935270,0.995387613773,0.001427172218,0.001733386773
365,44,3,sadness,3,sadness,0.182020977139,0.001825048355,0.007472019643,0.808681905270
366,44,2,optimism,2,optimism,0.050626758486,0.003491497599,0.821121633053,0.124760165811
367,44,0,anger,0,anger,0.982308924198,0.012158032507,0.001045380137,0.004487685394
368,44,1,joy,0,anger,0.970010161400,0.007532550953,0.001252290444,0.021204978228
369,44,3,sadness,2,optimism,0.014652621001,0.098827905953,0.882631123066,0.003888360923
370,44,0,anger,0,anger,0.955935537815,0.001091216574,0.002352081006,0.040621120483
371,44,0,anger,0,anger,0.994317710400,0.002123166807,0.000932339928,0.002626733854
372,44,0,anger,0,anger,0.996341168880,0.001030829037,0.001660871785,0.000967072556
373,44,0,anger,0,anger,0.996698021889,0.001198242535,0.001041131211,0.001062587951
374,44,0,anger,0,anger,0.995987832546,0.001678234781,0.001359466114,0.000974418130
